Workbook

Sheet 首頁
C3: 資料匯出報表目錄 | T3: 46022 | U3: 新年快樂～
C6: 序號 | D6: 表索引 | E6: 描述 | F6: 連結 | G6: 宥婕 | H6: 瀚平 | I6: 賀翔 | J6: 尚書 | K6: 文琪 | L6: 育誠 | M6: 會議
C7: 1 | D7: 表 1‑1 | E7: 全國住宅使用現況－按地區分 | F7: 查看 | G7: ='表 1‑1'!C3 -> ➖ | H7: ='表 1‑1'!C4 -> ➖ | I7: ='表 1‑1'!C5 -> ➖ | J7: ='表 1‑1'!C6 -> ➖ | K7: ='表 1‑1'!C7 -> ➖ | L7: ='表 1‑1'!C8 -> ➖ | M7: ='表 1‑1'!C9 -> ➖
C8: 2 | D8: 表 1‑2 | E8: 全國住宅使用現況－按建物總樓層分 | F8: 查看 | G8: ='表 1‑2'!C3 -> ➖ | H8: ='表 1‑2'!C4 -> ➖ | I8: ='表 1‑2'!C5 -> ➖ | J8: ='表 1‑2'!C6 -> ➖ | K8: ='表 1‑2'!C7 -> ➖ | L8: ='表 1‑2'!C8 -> ➖ | M8: ='表 1‑2'!C9 -> ➖ | N8: 低度 | O8: 連江縣 8.7% 較 23 年新增 2.39%，為全國最多
C9: 3 | D9: 表 1‑3 | E9: 全國住宅使用現況－按建物屋齡分 | F9: 查看 | G9: ='表 1‑3'!C3 -> ➖ | H9: ='表 1‑3'!C4 -> ➖ | I9: ='表 1‑3'!C5 -> ➖ | J9: ='表 1‑3'!C6 -> ➖ | K9: ='表 1‑3'!C7 -> ➖ | L9: ='表 1‑3'!C8 -> ➖ | M9: ='表 1‑3'!C9 -> ➖
C10: 4 | D10: 表 1‑4 | E10: 全國住宅使用現況－按建物面積分 | F10: 查看 | G10: ='表 1‑4'!C3 -> ➖ | H10: ='表 1‑4'!C4 -> ➖ | I10: ='表 1‑4'!C5 -> ➖ | J10: ='表 1‑4'!C6 -> ➖ | K10: ='表 1‑4'!C7 -> ➖ | L10: ='表 1‑4'!C8 -> ➖ | M10: ='表 1‑4'!C9 -> ➖ | P10: 低度用電 | Q10: 非低度用電 | R10: 總計 | U10: 低度用電 | V10: 非低度用電 | W10: 總計
C11: 5 | D11: 表 1‑5 | E11: 全國住宅使用現況－按建物使用類別分 | F11: 查看 | G11: ='表 1‑5'!C3 -> ➖ | H11: ='表 1‑5'!C4 -> ➖ | I11: ='表 1‑5'!C5 -> ➖ | J11: ='表 1‑5'!C6 -> ➖ | K11: ='表 1‑5'!C7 -> ➖ | L11: ='表 1‑5'!C8 -> ➖ | M11: ='表 1‑5'!C9 -> ➖ | O11: 連江縣 | P11: 8.6956522 | Q11: 91.304348 | R11: 100 | T11: 連江縣 | U11: 2.3893459 | V11: -2.3893459 | W11: 0
C12: 6 | D12: 表 1‑6 | E12: 全國住宅使用現況－按建物結構分 | F12: 查看 | G12: ='表 1‑6'!C3 -> ➖ | H12: ='表 1‑6'!C4 -> ➖ | I12: ='表 1‑6'!C5 -> ➖ | J12: ='表 1‑6'!C6 -> ➖ | K12: ='表 1‑6'!C7 -> ➖ | L12: ='表 1‑6'!C8 -> ➖ | M12: ='表 1‑6'!C9 -> ➖ | O12: 總計 | P12: 8.8219416 | Q12: 91.178058 | R12: 100 | T12: 總計 | U12: 0.46572446 | V12: -0.46572446 | W12: 0
C13: 7 | D13: 表 1‑7 | E13: 各地區住宅分布－按建物屋齡分 | F13: 查看 | G13: ='表 1‑7'!C3 -> ➖ | H13: ='表 1‑7'!C4 -> ➖ | I13: ='表 1‑7'!C5 -> ➖ | J13: ='表 1‑7'!C6 -> ➖ | K13: ='表 1‑7'!C7 -> ➖ | L13: ='表 1‑7'!C8 -> ➖ | M13: ='表 1‑7'!C9 -> ➖
C14: 8 | D14: 表 1‑8 | E14: 各地區住宅分布－按建物面積（坪）分 | F14: 查看 | G14: ='表 1‑8'!C3 -> ➖ | H14: ='表 1‑8'!C4 -> ➖ | I14: ='表 1‑8'!C5 -> ➖ | J14: ='表 1‑8'!C6 -> ➖ | K14: ='表 1‑8'!C7 -> ➖ | L14: ='表 1‑8'!C8 -> ➖ | M14: ='表 1‑8'!C9 -> ➖
C15: 9 | D15: 表 1‑9 | E15: 各地區住宅分布－按建物總樓層分 | F15: 查看 | G15: ='表 1‑9'!C3 -> ➖ | H15: ='表 1‑9'!C4 -> ➖ | I15: ='表 1‑9'!C5 -> ➖ | J15: ='表 1‑9'!C6 -> ➖ | K15: ='表 1‑9'!C7 -> ➖ | L15: ='表 1‑9'!C8 -> ➖ | M15: ='表 1‑9'!C9 -> ➖
C16: 10 | D16: 表 1‑10 | E16: 各地區住宅分布－按建物使用類別分 | F16: 查看 | G16: ='表 1‑10'!C3 -> ➖ | H16: ='表 1‑10'!C4 -> ➖ | I16: ='表 1‑10'!C5 -> ➖ | J16: ='表 1‑10'!C6 -> ➖ | K16: ='表 1‑10'!C7 -> ➖ | L16: ='表 1‑10'!C8 -> ➖ | M16: ='表 1‑10'!C9 -> ➖ | N16: 2024 | P16: 0~4年 | Q16: 5~9年 | R16: 10~19年 | S16: 20~29年 | T16: 30~39年 | U16: 40~49年 | V16: 50年以上 | W16: 總計
C17: 11 | D17: 表 1‑11 | E17: 各地區住宅分布－按建物結構分 | F17: 查看 | G17: ='表 1‑11'!C3 -> ➖ | H17: ='表 1‑11'!C4 -> ➖ | I17: ='表 1‑11'!C5 -> ➖ | J17: ='表 1‑11'!C6 -> ➖ | K17: ='表 1‑11'!C7 -> ➖ | L17: ='表 1‑11'!C8 -> ➖ | M17: ='表 1‑11'!C9 -> ➖ | N17: n=785 | O17: 連江縣 | P17: 35.149157 | Q17: 15.175097 | R17: 14.785992 | S17: 7.6523995 | T17: 4.7989624 | U17: 10.894942 | V17: 11.54345 | W17: 100
C18: 12 | D18: 表 1‑12 | E18: 各建物屋齡分布－按建物面積（坪）分 | F18: 查看 | G18: ='表 1‑12'!C3 -> ➖ | H18: ='表 1‑12'!C4 -> ➖ | I18: ='表 1‑12'!C5 -> ➖ | J18: ='表 1‑12'!C6 -> ➖ | K18: ='表 1‑12'!C7 -> ➖ | L18: ='表 1‑12'!C8 -> ➖ | M18: ='表 1‑12'!C9 -> ➖ | N18: n=9,133,942 | O18: 總計 | P18: 6.3344691 | Q18: 6.2033561 | R18: 13.319329 | S18: 20.961784 | T18: 22.380628 | U18: 23.634202 | V18: 7.1662321 | W18: 100
C19: 13 | D19: 表 1‑13 | E19: 各建物屋齡分布－按建物總樓層分 | F19: 查看 | G19: ='表 1‑13'!C3 -> ➖ | H19: ='表 1‑13'!C4 -> ➖ | I19: ='表 1‑13'!C5 -> ➖ | J19: ='表 1‑13'!C6 -> ➖ | K19: ='表 1‑13'!C7 -> ➖ | L19: ='表 1‑13'!C8 -> ➖ | M19: ='表 1‑13'!C9 -> ➖ | N19: 新增% | P19: 0~4年 | Q19: 5~9年 | R19: 10~19年 | S19: 20~29年 | T19: 30~39年 | U19: 40~49年 | V19: 50年以上 | W19: 總計
C20: 14 | D20: 表 1‑14 | E20: 各建物屋齡分布－按建物使用類別 | F20: 查看 | G20: ='表 1‑14'!C3 -> ➖ | H20: ='表 1‑14'!C4 -> ➖ | I20: ='表 1‑14'!C5 -> ➖ | J20: ='表 1‑14'!C6 -> ➖ | K20: ='表 1‑14'!C7 -> ➖ | L20: ='表 1‑14'!C8 -> ➖ | M20: ='表 1‑14'!C9 -> ➖ | N20: n=232 | O20: 連江縣 | P20: 21.420029 | Q20: -2.0790771 | R20: -5.622171 | S20: -2.5516822 | T20: -3.3643029 | U20: -3.3907727 | V20: -4.412023 | W20: 0
C21: 15 | D21: 表 1‑15 | E21: 各建物屋齡分布－按建物結構分 | F21: 查看 | G21: ='表 1‑15'!C3 -> ➖ | H21: ='表 1‑15'!C4 -> ➖ | I21: ='表 1‑15'!C5 -> ➖ | J21: ='表 1‑15'!C6 -> ➖ | K21: ='表 1‑15'!C7 -> ➖ | L21: ='表 1‑15'!C8 -> ➖ | M21: ='表 1‑15'!C9 -> ➖ | N21: n=148,880 | O21: 總計 | P21: 0.35586144 | Q21: -0.1352944 | R21: -0.42783219 | S21: -3.7637401 | T21: 2.3569035 | U21: 0.48422759 | V21: 1.1298742 | W21: 0
C22: 16 | D22: 表 1‑16 | E22: 各建物面積（坪）分布－按建物總樓層分 | F22: 查看 | G22: ='表 1‑16'!C3 -> ➖ | H22: ='表 1‑16'!C4 -> ➖ | I22: ='表 1‑16'!C5 -> ➖ | J22: ='表 1‑16'!C6 -> ➖ | K22: ='表 1‑16'!C7 -> ➖ | L22: ='表 1‑16'!C8 -> ➖ | M22: ='表 1‑16'!C9 -> ➖
C23: 17 | D23: 表 1‑17 | E23: 各建物面積（坪）分布－按建物使用類別分 | F23: 查看 | G23: ='表 1‑17'!C3 -> ➖ | H23: ='表 1‑17'!C4 -> ➖ | I23: ='表 1‑17'!C5 -> ➖ | J23: ='表 1‑17'!C6 -> ➖ | K23: ='表 1‑17'!C7 -> ➖ | L23: ='表 1‑17'!C8 -> ➖ | M23: ='表 1‑17'!C9 -> ➖
C24: 18 | D24: 表 1‑18 | E24: 各建物面積（坪）分布－按建物結構分 | F24: 查看 | G24: ='表 1‑18'!C3 -> ➖ | H24: ='表 1‑18'!C4 -> ➖ | I24: ='表 1‑18'!C5 -> ➖ | J24: ='表 1‑18'!C6 -> ➖ | K24: ='表 1‑18'!C7 -> ➖ | L24: ='表 1‑18'!C8 -> ➖ | M24: ='表 1‑18'!C9 -> ➖ | P24: 0~19坪 | Q24: 20~29坪 | R24: 30~39坪 | S24: 40~49坪 | T24: 50~59坪 | U24: 60~69坪 | V24: 70坪以上 | W24: 總計
C25: 19 | D25: 表 1‑19 | E25: 各建物總樓層分布－按建物使用類別分 | F25: 查看 | G25: ='表 1‑19'!C3 -> ➖ | H25: ='表 1‑19'!C4 -> ➖ | I25: ='表 1‑19'!C5 -> ➖ | J25: ='表 1‑19'!C6 -> ➖ | K25: ='表 1‑19'!C7 -> ➖ | L25: ='表 1‑19'!C8 -> ➖ | M25: ='表 1‑19'!C9 -> ➖ | O25: 連江縣 | P25: 12.484076 | Q25: 15.796178 | R25: 21.910828 | S25: 21.146497 | T25: 4.4585987 | U25: 3.9490446 | V25: 20.254777 | W25: 100
C26: 20 | D26: 表 1‑20 | E26: 各建物總樓層分布－按建物結構分 | F26: 查看 | G26: ='表 1‑20'!C3 -> ➖ | H26: ='表 1‑20'!C4 -> ➖ | I26: ='表 1‑20'!C5 -> ➖ | J26: ='表 1‑20'!C6 -> ➖ | K26: ='表 1‑20'!C7 -> ➖ | L26: ='表 1‑20'!C8 -> ➖ | M26: ='表 1‑20'!C9 -> ➖ | O26: 總計 | P26: 15.904316 | Q26: 30.924096 | R26: 20.304016 | S26: 9.2201374 | T26: 7.7821383 | U26: 4.994284 | V26: 10.871013 | W26: 100
C27: 21 | D27: 表 1‑21 | E27: 各建物使用類別分布－按建物結構分 | F27: 查看 | G27: ='表 1‑21'!C3 -> ➖ | H27: ='表 1‑21'!C4 -> ➖ | I27: ='表 1‑21'!C5 -> ➖ | J27: ='表 1‑21'!C6 -> ➖ | K27: ='表 1‑21'!C7 -> ➖ | L27: ='表 1‑21'!C8 -> ➖ | M27: ='表 1‑21'!C9 -> ➖ | P27: 0~19坪 | Q27: 20~29坪 | R27: 30~39坪 | S27: 40~49坪 | T27: 50~59坪 | U27: 60~69坪 | V27: 70坪以上 | W27: 總計
C28: 22 | D28: 表 1‑22 | E28: 建物所有權登記原因－按住宅使用狀況分 | F28: 查看 | G28: ='表 1‑22'!C3 -> ➖ | H28: ='表 1‑22'!C4 -> ➖ | I28: ='表 1‑22'!C5 -> ➖ | J28: ='表 1‑22'!C6 -> ➖ | K28: ='表 1‑22'!C7 -> ➖ | L28: ='表 1‑22'!C8 -> ➖ | M28: ='表 1‑22'!C9 -> ➖ | O28: 連江縣 | P28: -0.17415141 | Q28: -2.6486679 | R28: 4.7318045 | S28: 8.6691008 | T28: -1.3280197 | U28: -1.656742 | V28: -7.5933242 | W28: 0
C29: 23 | D29: 表 1‑23 | E29: 建物所有權登記原因－按地區分 | F29: 查看 | G29: ='表 1‑23'!C3 -> ➖ | H29: ='表 1‑23'!C4 -> ➖ | I29: ='表 1‑23'!C5 -> ➖ | J29: ='表 1‑23'!C6 -> ➖ | K29: ='表 1‑23'!C7 -> ➖ | L29: ='表 1‑23'!C8 -> ➖ | M29: ='表 1‑23'!C9 -> ➖ | O29: 總計 | P29: 0.27252627 | Q29: 0.065366335 | R29: -0.2122703 | S29: -0.07052751 | T29: -0.018230787 | U29: -0.023488875 | V29: -0.013375131 | W29: 0
C30: 24 | D30: 表 1‑24 | E30: 建物所有權登記原因－按建物屋齡分 | F30: 查看 | G30: ='表 1‑24'!C3 -> ➖ | H30: ='表 1‑24'!C4 -> ➖ | I30: ='表 1‑24'!C5 -> ➖ | J30: ='表 1‑24'!C6 -> ➖ | K30: ='表 1‑24'!C7 -> ➖ | L30: ='表 1‑24'!C8 -> ➖ | M30: ='表 1‑24'!C9 -> ➖
C31: 25 | D31: 表 1‑25 | E31: 建物所有權登記原因－按建物面積(坪)分 | F31: 查看 | G31: ='表 1‑25'!C3 -> ➖ | H31: ='表 1‑25'!C4 -> ➖ | I31: ='表 1‑25'!C5 -> ➖ | J31: ='表 1‑25'!C6 -> ➖ | K31: ='表 1‑25'!C7 -> ➖ | L31: ='表 1‑25'!C8 -> ➖ | M31: ='表 1‑25'!C9 -> ➖ | P31: 1~5樓 | Q31: 6~10樓 | R31: 11~15樓 | S31: 16~20樓 | T31: 21樓以上 | U31: 總計
C32: 26 | D32: 表 1‑26 | E32: 建物所有權登記原因－按建物總樓層分 | F32: 查看 | G32: ='表 1‑26'!C3 -> ➖ | H32: ='表 1‑26'!C4 -> ➖ | I32: ='表 1‑26'!C5 -> ➖ | J32: ='表 1‑26'!C6 -> ➖ | K32: ='表 1‑26'!C7 -> ➖ | L32: ='表 1‑26'!C8 -> ➖ | M32: ='表 1‑26'!C9 -> ➖ | O32: 連江縣 | P32: 69.712794 | Q32: 24.543081 | R32: 5.7441253 | S32: 0 | T32: 0 | U32: 100
C33: 27 | D33: 表 1‑27 | E33: 建物所有權登記原因－按建物使用類別分 | F33: 查看 | G33: ='表 1‑27'!C3 -> ➖ | H33: ='表 1‑27'!C4 -> ➖ | I33: ='表 1‑27'!C5 -> ➖ | J33: ='表 1‑27'!C6 -> ➖ | K33: ='表 1‑27'!C7 -> ➖ | L33: ='表 1‑27'!C8 -> ➖ | M33: ='表 1‑27'!C9 -> ➖ | O33: 總計 | P33: 59.552049 | Q33: 13.823499 | R33: 18.076715 | S33: 4.2542576 | T33: 4.2934799 | U33: 100
C34: 28 | D34: 表 1‑28 | E34: 建物所有權登記原因－按建物結構分 | F34: 查看 | G34: ='表 1‑28'!C3 -> ➖ | H34: ='表 1‑28'!C4 -> ➖ | I34: ='表 1‑28'!C5 -> ➖ | J34: ='表 1‑28'!C6 -> ➖ | K34: ='表 1‑28'!C7 -> ➖ | L34: ='表 1‑28'!C8 -> ➖ | M34: ='表 1‑28'!C9 -> ➖ | P34: 1~5樓 | Q34: 6~10樓 | R34: 11~15樓 | S34: 16~20樓 | T34: 21樓以上 | U34: 總計
C35: 29 | D35: 表 1‑29 | E35: 建物所有權登記原因－按住宅使用狀況與地區分 | F35: 查看 | G35: ='表 1‑29'!C3 -> ➖ | H35: ='表 1‑29'!C4 -> ➖ | I35: ='表 1‑29'!C5 -> ➖ | J35: ='表 1‑29'!C6 -> ➖ | K35: ='表 1‑29'!C7 -> ➖ | L35: ='表 1‑29'!C8 -> ➖ | M35: ='表 1‑29'!C9 -> ➖ | O35: 連江縣 | P35: -27.103686 | Q35: 21.35956 | R35: 5.7441253 | S35: 0 | T35: 0 | U35: 0
C36: 30 | D36: 表 1‑30 | E36: 建物所有權登記原因－按住宅使用狀況與建物屋齡分 | F36: 查看 | G36: ='表 1‑30'!C3 -> ➖ | H36: ='表 1‑30'!C4 -> ➖ | I36: ='表 1‑30'!C5 -> ➖ | J36: ='表 1‑30'!C6 -> ➖ | K36: ='表 1‑30'!C7 -> ➖ | L36: ='表 1‑30'!C8 -> ➖ | M36: ='表 1‑30'!C9 -> ➖ | O36: 總計 | P36: -0.50125465 | Q36: -0.047784567 | R36: 0.32117277 | S36: 0.039177654 | T36: 0.18868879 | U36: 0
C37: 31 | D37: 表 1‑31 | E37: 建物所有權登記原因－按住宅使用狀況與建物面積(坪)分 | F37: 查看 | G37: ='表 1‑31'!C3 -> ➖ | H37: ='表 1‑31'!C4 -> ➖ | I37: ='表 1‑31'!C5 -> ➖ | J37: ='表 1‑31'!C6 -> ➖ | K37: ='表 1‑31'!C7 -> ➖ | L37: ='表 1‑31'!C8 -> ➖ | M37: ='表 1‑31'!C9 -> ➖
C38: 32 | D38: 表 1‑32 | E38: 建物所有權登記原因－按住宅使用狀況與建物總樓層分 | F38: 查看 | G38: ='表 1‑32'!C3 -> ➖ | H38: ='表 1‑32'!C4 -> ➖ | I38: ='表 1‑32'!C5 -> ➖ | J38: ='表 1‑32'!C6 -> ➖ | K38: ='表 1‑32'!C7 -> ➖ | L38: ='表 1‑32'!C8 -> ➖ | M38: ='表 1‑32'!C9 -> ➖ | P38: 住家用 | Q38: 住商用 | R38: 住工用 | S38: 國民住宅 | T38: 其他 | U38: 總計
C39: 33 | D39: 表 1‑33 | E39: 建物所有權登記原因－按住宅使用狀況與建物使用類別分 | F39: 查看 | G39: ='表 1‑33'!C3 -> ➖ | H39: ='表 1‑33'!C4 -> ➖ | I39: ='表 1‑33'!C5 -> ➖ | J39: ='表 1‑33'!C6 -> ➖ | K39: ='表 1‑33'!C7 -> ➖ | L39: ='表 1‑33'!C8 -> ➖ | M39: ='表 1‑33'!C9 -> ➖ | O39: 連江縣 | P39: 20.509554 | Q39: 1.1464968 | R39: 0 | S39: 0 | T39: 78.343949 | U39: 100
C40: 34 | D40: 表 1‑34 | E40: 建物所有權登記原因－按住宅使用狀況與建物結構分 | F40: 查看 | G40: ='表 1‑34'!C3 -> ➖ | H40: ='表 1‑34'!C4 -> ➖ | I40: ='表 1‑34'!C5 -> ➖ | J40: ='表 1‑34'!C6 -> ➖ | K40: ='表 1‑34'!C7 -> ➖ | L40: ='表 1‑34'!C8 -> ➖ | M40: ='表 1‑34'!C9 -> ➖ | O40: 總計 | P40: 57.975341 | Q40: 7.2337552 | R40: 0.15811355 | S40: 0.32592718 | T40: 34.306863 | U40: 100
C41: 35 | D41: 表 2‑1 | E41: 宅內人口數－按地區分 | F41: 查看 | G41: ='表 2‑1'!C3 -> ➖ | H41: ='表 2‑1'!C4 -> ➖ | I41: ='表 2‑1'!C5 -> ➖ | J41: ='表 2‑1'!C6 -> ➖ | K41: ='表 2‑1'!C7 -> ➖ | L41: ='表 2‑1'!C8 -> ➖ | M41: ='表 2‑1'!C9 -> ➖ | P41: 住家用 | Q41: 住商用 | R41: 住工用 | S41: 國民住宅 | T41: 其他 | U41: 總計
C42: 36 | D42: 表 2‑2 | E42: 宅內人口數－按建物屋齡分 | F42: 查看 | G42: ='表 2‑2'!C3 -> ➖ | H42: ='表 2‑2'!C4 -> ➖ | I42: ='表 2‑2'!C5 -> ➖ | J42: ='表 2‑2'!C6 -> ➖ | K42: ='表 2‑2'!C7 -> ➖ | L42: ='表 2‑2'!C8 -> ➖ | M42: ='表 2‑2'!C9 -> ➖ | O42: 連江縣 | P42: -8.2427063 | Q42: -0.48098962 | R42: 0 | S42: 0 | T42: 8.7236959 | U42: 0
C43: 37 | D43: 表 2‑3 | E43: 宅內人口數－按建物面積(坪)分 | F43: 查看 | G43: ='表 2‑3'!C3 -> ➖ | H43: ='表 2‑3'!C4 -> ➖ | I43: ='表 2‑3'!C5 -> ➖ | J43: ='表 2‑3'!C6 -> ➖ | K43: ='表 2‑3'!C7 -> ➖ | L43: ='表 2‑3'!C8 -> ➖ | M43: ='表 2‑3'!C9 -> ➖ | O43: 總計 | P43: -0.81483786 | Q43: -0.12010618 | R43: -0.0028647488 | S43: -0.047303406 | T43: 0.9851122 | U43: 0
C44: 38 | D44: 表 2‑4 | E44: 宅內人口數－按建物總樓層分 | F44: 查看 | G44: ='表 2‑4'!C3 -> ➖ | H44: ='表 2‑4'!C4 -> ➖ | I44: ='表 2‑4'!C5 -> ➖ | J44: ='表 2‑4'!C6 -> ➖ | K44: ='表 2‑4'!C7 -> ➖ | L44: ='表 2‑4'!C8 -> ➖ | M44: ='表 2‑4'!C9 -> ➖
C45: 39 | D45: 表 2‑5 | E45: 宅內人口數－按住宅使用狀況分 | F45: 查看 | G45: ='表 2‑5'!C3 -> ➖ | H45: ='表 2‑5'!C4 -> ➖ | I45: ='表 2‑5'!C5 -> ➖ | J45: ='表 2‑5'!C6 -> ➖ | K45: ='表 2‑5'!C7 -> ➖ | L45: ='表 2‑5'!C8 -> ➖ | M45: ='表 2‑5'!C9 -> ➖
C46: 40 | D46: 表 2‑6 | E46: 宅內人口數－按建物使用類別分 | F46: 查看 | G46: ='表 2‑6'!C3 -> ➖ | H46: ='表 2‑6'!C4 -> ➖ | I46: ='表 2‑6'!C5 -> ➖ | J46: ='表 2‑6'!C6 -> ➖ | K46: ='表 2‑6'!C7 -> ➖ | L46: ='表 2‑6'!C8 -> ➖ | M46: ='表 2‑6'!C9 -> ➖ | O46: https://sites.google.com/view/matzuhousing/%E9%A6%96%E9%A0%81
C47: 41 | D47: 表 2‑7 | E47: 宅內人口數－按建物結構分 | F47: 查看 | G47: ='表 2‑7'!C3 -> ➖ | H47: ='表 2‑7'!C4 -> ➖ | I47: ='表 2‑7'!C5 -> ➖ | J47: ='表 2‑7'!C6 -> ➖ | K47: ='表 2‑7'!C7 -> ➖ | L47: ='表 2‑7'!C8 -> ➖ | M47: ='表 2‑7'!C9 -> ➖
C48: 42 | D48: 表 2‑8 | E48: 合住情形－按建物屋齡分 | F48: 查看 | G48: ='表 2‑8'!C3 -> ➖ | H48: ='表 2‑8'!C4 -> ➖ | I48: ='表 2‑8'!C5 -> ➖ | J48: ='表 2‑8'!C6 -> ➖ | K48: ='表 2‑8'!C7 -> ➖ | L48: ='表 2‑8'!C8 -> ➖ | M48: ='表 2‑8'!C9 -> ➖
C49: 43 | D49: 表 2‑9 | E49: 合住情形－按建物面積(坪)分 | F49: 查看 | G49: ='表 2‑9'!C3 -> ➖ | H49: ='表 2‑9'!C4 -> ➖ | I49: ='表 2‑9'!C5 -> ➖ | J49: ='表 2‑9'!C6 -> ➖ | K49: ='表 2‑9'!C7 -> ➖ | L49: ='表 2‑9'!C8 -> ➖ | M49: ='表 2‑9'!C9 -> ➖
C50: 44 | D50: 表 2‑10 | E50: 合住情形－按建物總樓層分 | F50: 查看 | G50: ='表 2‑10'!C3 -> ➖ | H50: ='表 2‑10'!C4 -> ➖ | I50: ='表 2‑10'!C5 -> ➖ | J50: ='表 2‑10'!C6 -> ➖ | K50: ='表 2‑10'!C7 -> ➖ | L50: ='表 2‑10'!C8 -> ➖ | M50: ='表 2‑10'!C9 -> ➖
C51: 45 | D51: 表 2‑11 | E51: 合住情形－按住宅使用狀況分 | F51: 查看 | G51: ='表 2‑11'!C3 -> ➖ | H51: ='表 2‑11'!C4 -> ➖ | I51: ='表 2‑11'!C5 -> ➖ | J51: ='表 2‑11'!C6 -> ➖ | K51: ='表 2‑11'!C7 -> ➖ | L51: ='表 2‑11'!C8 -> ➖ | M51: ='表 2‑11'!C9 -> ➖
C52: 46 | D52: 表 2‑12 | E52: 合住情形－按建物使用類別分 | F52: 查看 | G52: ='表 2‑12'!C3 -> ➖ | H52: ='表 2‑12'!C4 -> ➖ | I52: ='表 2‑12'!C5 -> ➖ | J52: ='表 2‑12'!C6 -> ➖ | K52: ='表 2‑12'!C7 -> ➖ | L52: ='表 2‑12'!C8 -> ➖ | M52: ='表 2‑12'!C9 -> ➖
C53: 47 | D53: 表 2‑13 | E53: 合住情形－按結構分 | F53: 查看 | G53: ='表 2‑13'!C3 -> ➖ | H53: ='表 2‑13'!C4 -> ➖ | I53: ='表 2‑13'!C5 -> ➖ | J53: ='表 2‑13'!C6 -> ➖ | K53: ='表 2‑13'!C7 -> ➖ | L53: ='表 2‑13'!C8 -> ➖ | M53: ='表 2‑13'!C9 -> ➖
C54: 48 | D54: 表 2‑14 | E54: 家戶類別－按地區分 | F54: 查看 | G54: ='表 2‑14'!C3 -> ➖ | H54: ='表 2‑14'!C4 -> ➖ | I54: ='表 2‑14'!C5 -> ➖ | J54: ='表 2‑14'!C6 -> ➖ | K54: ='表 2‑14'!C7 -> ➖ | L54: ='表 2‑14'!C8 -> ➖ | M54: ='表 2‑14'!C9 -> ➖
C55: 49 | D55: 表 2‑15 | E55: 家戶類別－按建物屋齡分 | F55: 查看 | G55: ='表 2‑15'!C3 -> ➖ | H55: ='表 2‑15'!C4 -> ➖ | I55: ='表 2‑15'!C5 -> ➖ | J55: ='表 2‑15'!C6 -> ➖ | K55: ='表 2‑15'!C7 -> ➖ | L55: ='表 2‑15'!C8 -> ➖ | M55: ='表 2‑15'!C9 -> ➖
C56: 50 | D56: 表 2‑16 | E56: 家戶類別－按建物面積(坪)分 | F56: 查看 | G56: ='表 2‑16'!C3 -> ➖ | H56: ='表 2‑16'!C4 -> ➖ | I56: ='表 2‑16'!C5 -> ➖ | J56: ='表 2‑16'!C6 -> ➖ | K56: ='表 2‑16'!C7 -> ➖ | L56: ='表 2‑16'!C8 -> ➖ | M56: ='表 2‑16'!C9 -> ➖
C57: 51 | D57: 表 2‑17 | E57: 家戶類別－按建物總樓層分 | F57: 查看 | G57: ='表 2‑17'!C3 -> ➖ | H57: ='表 2‑17'!C4 -> ➖ | I57: ='表 2‑17'!C5 -> ➖ | J57: ='表 2‑17'!C6 -> ➖ | K57: ='表 2‑17'!C7 -> ➖ | L57: ='表 2‑17'!C8 -> ➖ | M57: ='表 2‑17'!C9 -> ➖
C58: 52 | D58: 表 2‑18 | E58: 家戶類別－按住宅使用狀況分 | F58: 查看 | G58: ='表 2‑18'!C3 -> ➖ | H58: ='表 2‑18'!C4 -> ➖ | I58: ='表 2‑18'!C5 -> ➖ | J58: ='表 2‑18'!C6 -> ➖ | K58: ='表 2‑18'!C7 -> ➖ | L58: ='表 2‑18'!C8 -> ➖ | M58: ='表 2‑18'!C9 -> ➖
C59: 53 | D59: 表 2‑19 | E59: 家戶類別－按建物使用類別分 | F59: 查看 | G59: ='表 2‑19'!C3 -> ➖ | H59: ='表 2‑19'!C4 -> ➖ | I59: ='表 2‑19'!C5 -> ➖ | J59: ='表 2‑19'!C6 -> ➖ | K59: ='表 2‑19'!C7 -> ➖ | L59: ='表 2‑19'!C8 -> ➖ | M59: ='表 2‑19'!C9 -> ➖
C60: 54 | D60: 表 2‑20 | E60: 家戶類別－按結構分 | F60: 查看 | G60: ='表 2‑20'!C3 -> ➖ | H60: ='表 2‑20'!C4 -> ➖ | I60: ='表 2‑20'!C5 -> ➖ | J60: ='表 2‑20'!C6 -> ➖ | K60: ='表 2‑20'!C7 -> ➖ | L60: ='表 2‑20'!C8 -> ➖ | M60: ='表 2‑20'!C9 -> ➖
C61: 55 | D61: 表 2‑21 | E61: 該戶自有狀況－按建物所有權登記原因分 | F61: 查看 | G61: ='表 2‑21'!C3 -> ➖ | H61: ='表 2‑21'!C4 -> ➖ | I61: ='表 2‑21'!C5 -> ➖ | J61: ='表 2‑21'!C6 -> ➖ | K61: ='表 2‑21'!C7 -> ➖ | L61: ='表 2‑21'!C8 -> ➖ | M61: ='表 2‑21'!C9 -> ➖
C62: 56 | D62: 表 2‑22 | E62: 該戶自有狀況－按地區分 | F62: 查看 | G62: ='表 2‑22'!C3 -> ➖ | H62: ='表 2‑22'!C4 -> ➖ | I62: ='表 2‑22'!C5 -> ➖ | J62: ='表 2‑22'!C6 -> ➖ | K62: ='表 2‑22'!C7 -> ➖ | L62: ='表 2‑22'!C8 -> ➖ | M62: ='表 2‑22'!C9 -> ➖
C63: 57 | D63: 表 2‑23 | E63: 該戶自有狀況－按建物屋齡分 | F63: 查看 | G63: ='表 2‑23'!C3 -> ➖ | H63: ='表 2‑23'!C4 -> ➖ | I63: ='表 2‑23'!C5 -> ➖ | J63: ='表 2‑23'!C6 -> ➖ | K63: ='表 2‑23'!C7 -> ➖ | L63: ='表 2‑23'!C8 -> ➖ | M63: ='表 2‑23'!C9 -> ➖
C64: 58 | D64: 表 2‑24 | E64: 該戶自有狀況－按建物面積(坪)分 | F64: 查看 | G64: ='表 2‑24'!C3 -> ➖ | H64: ='表 2‑24'!C4 -> ➖ | I64: ='表 2‑24'!C5 -> ➖ | J64: ='表 2‑24'!C6 -> ➖ | K64: ='表 2‑24'!C7 -> ➖ | L64: ='表 2‑24'!C8 -> ➖ | M64: ='表 2‑24'!C9 -> ➖
C65: 59 | D65: 表 2‑25 | E65: 該戶自有狀況－按建物總樓層分 | F65: 查看 | G65: ='表 2‑25'!C3 -> ➖ | H65: ='表 2‑25'!C4 -> ➖ | I65: ='表 2‑25'!C5 -> ➖ | J65: ='表 2‑25'!C6 -> ➖ | K65: ='表 2‑25'!C7 -> ➖ | L65: ='表 2‑25'!C8 -> ➖ | M65: ='表 2‑25'!C9 -> ➖
C66: 60 | D66: 表 2‑26 | E66: 該戶自有狀況－按住宅使用狀況分 | F66: 查看 | G66: ='表 2‑26'!C3 -> ➖ | H66: ='表 2‑26'!C4 -> ➖ | I66: ='表 2‑26'!C5 -> ➖ | J66: ='表 2‑26'!C6 -> ➖ | K66: ='表 2‑26'!C7 -> ➖ | L66: ='表 2‑26'!C8 -> ➖ | M66: ='表 2‑26'!C9 -> ➖
C67: 61 | D67: 表 2‑27 | E67: 該戶自有狀況－按建物使用類別分 | F67: 查看 | G67: ='表 2‑27'!C3 -> ➖ | H67: ='表 2‑27'!C4 -> ➖ | I67: ='表 2‑27'!C5 -> ➖ | J67: ='表 2‑27'!C6 -> ➖ | K67: ='表 2‑27'!C7 -> ➖ | L67: ='表 2‑27'!C8 -> ➖ | M67: ='表 2‑27'!C9 -> ➖
C68: 62 | D68: 表 2‑28 | E68: 該戶自有狀況－按建物結構分 | F68: 查看 | G68: ='表 2‑28'!C3 -> ➖ | H68: ='表 2‑28'!C4 -> ➖ | I68: ='表 2‑28'!C5 -> ➖ | J68: ='表 2‑28'!C6 -> ➖ | K68: ='表 2‑28'!C7 -> ➖ | L68: ='表 2‑28'!C8 -> ➖ | M68: ='表 2‑28'!C9 -> ➖
C69: 63 | D69: 表 2‑29 | E69: 該戶自有狀況－按家戶人口分 | F69: 查看 | G69: ='表 2‑29'!C3 -> ➖ | H69: ='表 2‑29'!C4 -> ➖ | I69: ='表 2‑29'!C5 -> ➖ | J69: ='表 2‑29'!C6 -> ➖ | K69: ='表 2‑29'!C7 -> ➖ | L69: ='表 2‑29'!C8 -> ➖ | M69: ='表 2‑29'!C9 -> ➖
C70: 64 | D70: 表 2‑31 | E70: 該戶自有狀況－按家戶類別分 | F70: 查看 | G70: ='表 2‑31'!C3 -> ➖ | H70: ='表 2‑31'!C4 -> ➖ | I70: ='表 2‑31'!C5 -> ➖ | J70: ='表 2‑31'!C6 -> ➖ | K70: ='表 2‑31'!C7 -> ➖ | L70: ='表 2‑31'!C8 -> ➖ | M70: ='表 2‑31'!C9 -> ➖
C71: 65 | D71: 表 2‑32 | E71: 戶內擁屋數量－按家戶人口分 | F71: 查看 | G71: ='表 2‑32'!C3 -> ➖ | H71: ='表 2‑32'!C4 -> ➖ | I71: ='表 2‑32'!C5 -> ➖ | J71: ='表 2‑32'!C6 -> ➖ | K71: ='表 2‑32'!C7 -> ➖ | L71: ='表 2‑32'!C8 -> ➖ | M71: ='表 2‑32'!C9 -> ➖

Sheet 首頁_屋齡
C3: 資料匯出報表目錄
H5: 2024年
C6: 序號 | D6: 表索引 | E6: 描述 | F6: 連結
C7: 1 | D7: 表 1‑1 | E7: 全國住宅使用現況－按地區分 | F7: 查看
C8: 2 | D8: 表 1‑2 | E8: 全國住宅使用現況－按建物總樓層分 | F8: 查看
C9: 3 | D9: 表 1‑3 | E9: 全國住宅使用現況－按建物屋齡分 | F9: 查看
C10: 4 | D10: 表 1‑4 | E10: 全國住宅使用現況－按建物面積分 | F10: 查看
C11: 5 | D11: 表 1‑5 | E11: 全國住宅使用現況－按建物使用類別分 | F11: 查看
C12: 6 | D12: 表 1‑6 | E12: 全國住宅使用現況－按建物結構分 | F12: 查看
C13: 7 | D13: 表 1‑7 | E13: 各地區住宅分布－按建物屋齡分 | F13: 查看
C14: 8 | D14: 表 1‑8 | E14: 各地區住宅分布－按建物面積（坪）分 | F14: 查看
C15: 9 | D15: 表 1‑9 | E15: 各地區住宅分布－按建物總樓層分 | F15: 查看
C16: 10 | D16: 表 1‑10 | E16: 各地區住宅分布－按建物使用類別分 | F16: 查看
C17: 11 | D17: 表 1‑11 | E17: 各地區住宅分布－按建物結構分 | F17: 查看
C18: 12 | D18: 表 1‑12 | E18: 各建物屋齡分布－按建物面積（坪）分 | F18: 查看
... C31: 25 | D31: 表 1‑25 | E31: 建物所有權登記原因－按建物面積(坪)分 | F31: 查看
C32: 26 | D32: 表 1‑26 | E32: 建物所有權登記原因－按建物總樓層分 | F32: 查看 | H32: 2024年
C33: 27 | D33: 表 1‑27 | E33: 建物所有權登記原因－按建物使用類別分 | F33: 查看
C34: 28 | D34: 表 1‑28 | E34: 建物所有權登記原因－按建物結構分 | F34: 查看
C35: 29 | D35: 表 1‑29 | E35: 建物所有權登記原因－按住宅使用狀況與地區分 | F35: 查看
C36: 30 | D36: 表 1‑30 | E36: 建物所有權登記原因－按住宅使用狀況與建物屋齡分 | F36: 查看
C37: 31 | D37: 表 1‑31 | E37: 建物所有權登記原因－按住宅使用狀況與建物面積(坪)分 | F37: 查看
C38: 32 | D38: 表 1‑32 | E38: 建物所有權登記原因－按住宅使用狀況與建物總樓層分 | F38: 查看
C39: 33 | D39: 表 1‑33 | E39: 建物所有權登記原因－按住宅使用狀況與建物使用類別分 | F39: 查看
C40: 34 | D40: 表 1‑34 | E40: 建物所有權登記原因－按住宅使用狀況與建物結構分 | F40: 查看
C41: 35 | D41: 表 2‑1 | E41: 宅內人口數－按地區分 | F41: 查看
C42: 36 | D42: 表 2‑2 | E42: 宅內人口數－按建物屋齡分 | F42: 查看
C43: 37 | D43: 表 2‑3 | E43: 宅內人口數－按建物面積(坪)分 | F43: 查看
C44: 38 | D44: 表 2‑4 | E44: 宅內人口數－按建物總樓層分 | F44: 查看 | H44: 2024年
C45: 39 | D45: 表 2‑5 | E45: 宅內人口數－按住宅使用狀況分 | F45: 查看
C46: 40 | D46: 表 2‑6 | E46: 宅內人口數－按建物使用類別分 | F46: 查看
C47: 41 | D47: 表 2‑7 | E47: 宅內人口數－按建物結構分 | F47: 查看
C48: 42 | D48: 表 2‑8 | E48: 合住情形－按建物屋齡分 | F48: 查看
C49: 43 | D49: 表 2‑9 | E49: 合住情形－按建物面積(坪)分 | F49: 查看
C50: 44 | D50: 表 2‑10 | E50: 合住情形－按建物總樓層分 | F50: 查看
C51: 45 | D51: 表 2‑11 | E51: 合住情形－按住宅使用狀況分 | F51: 查看
C52: 46 | D52: 表 2‑12 | E52: 合住情形－按建物使用類別分 | F52: 查看
C53: 47 | D53: 表 2‑13 | E53: 合住情形－按結構分 | F53: 查看
C54: 48 | D54: 表 2‑14 | E54: 家戶類別－按地區分 | F54: 查看
C55: 49 | D55: 表 2‑15 | E55: 家戶類別－按建物屋齡分 | F55: 查看
C56: 50 | D56: 表 2‑16 | E56: 家戶類別－按建物面積(坪)分 | F56: 查看
... C71: 65 | D71: 表 2‑32 | E71: 戶內擁屋數量－按家戶人口分 | F71: 查看

Sheet 首頁_所有權
C3: 資料匯出報表目錄
C6: 序號 | D6: 表索引 | E6: 描述 | F6: 連結
C7: 1 | D7: 表 1‑1 | E7: 全國住宅使用現況－按地區分 | F7: 查看
C8: 2 | D8: 表 1‑2 | E8: 全國住宅使用現況－按建物總樓層分 | F8: 查看
C9: 3 | D9: 表 1‑3 | E9: 全國住宅使用現況－按建物屋齡分 | F9: 查看
C10: 4 | D10: 表 1‑4 | E10: 全國住宅使用現況－按建物面積分 | F10: 查看
C11: 5 | D11: 表 1‑5 | E11: 全國住宅使用現況－按建物使用類別分 | F11: 查看
C12: 6 | D12: 表 1‑6 | E12: 全國住宅使用現況－按建物結構分 | F12: 查看
C13: 7 | D13: 表 1‑7 | E13: 各地區住宅分布－按建物屋齡分 | F13: 查看
C14: 8 | D14: 表 1‑8 | E14: 各地區住宅分布－按建物面積（坪）分 | F14: 查看
C15: 9 | D15: 表 1‑9 | E15: 各地區住宅分布－按建物總樓層分 | F15: 查看
C16: 10 | D16: 表 1‑10 | E16: 各地區住宅分布－按建物使用類別分 | F16: 查看
C17: 11 | D17: 表 1‑11 | E17: 各地區住宅分布－按建物結構分 | F17: 查看
C18: 12 | D18: 表 1‑12 | E18: 各建物屋齡分布－按建物面積（坪）分 | F18: 查看
... C71: 65 | D71: 表 2‑32 | E71: 戶內擁屋數量－按家戶人口分 | F71: 查看

Sheet 首頁_模板
C3: 資料匯出報表目錄
C6: 序號 | D6: 表索引 | E6: 描述 | F6: 連結
C7: 1 | D7: 表 1‑1 | E7: 全國住宅使用現況－按地區分 | F7: 查看
C8: 2 | D8: 表 1‑2 | E8: 全國住宅使用現況－按建物總樓層分 | F8: 查看
C9: 3 | D9: 表 1‑3 | E9: 全國住宅使用現況－按建物屋齡分 | F9: 查看
C10: 4 | D10: 表 1‑4 | E10: 全國住宅使用現況－按建物面積分 | F10: 查看
C11: 5 | D11: 表 1‑5 | E11: 全國住宅使用現況－按建物使用類別分 | F11: 查看
C12: 6 | D12: 表 1‑6 | E12: 全國住宅使用現況－按建物結構分 | F12: 查看
C13: 7 | D13: 表 1‑7 | E13: 各地區住宅分布－按建物屋齡分 | F13: 查看
C14: 8 | D14: 表 1‑8 | E14: 各地區住宅分布－按建物面積（坪）分 | F14: 查看
C15: 9 | D15: 表 1‑9 | E15: 各地區住宅分布－按建物總樓層分 | F15: 查看
C16: 10 | D16: 表 1‑10 | E16: 各地區住宅分布－按建物使用類別分 | F16: 查看
C17: 11 | D17: 表 1‑11 | E17: 各地區住宅分布－按建物結構分 | F17: 查看
C18: 12 | D18: 表 1‑12 | E18: 各建物屋齡分布－按建物面積（坪）分 | F18: 查看
... C71: 65 | D71: 表 2‑32 | E71: 戶內擁屋數量－按家戶人口分 | F71: 查看

Sheet 表 1‑1
A1: 🏠
B2: 人員 | C2: 到此一遊 | E2: 2024年 | F2: 全國住宅使用現況－按地區分 | K2: YOY | L2: 全國住宅使用現況－按地區分 | Q2: 2023年 | R2: 全國住宅使用現況－按地區分 | W2: YOY | X2: 全國住宅使用現況－按地區分 | AC2: 2022年 | AD2: 全國住宅使用現況－按地區分 | AI2: YOY | AJ2: 全國住宅使用現況－按地區分 | AO2: 2021年 | AP2: 全國住宅使用現況－按地區分 | AS2: YOY | AT2: 全國住宅使用現況－按地區分 | AW2: 2020年 | AX2: 全國住宅使用現況－按地區分
A3: ➡ | B3: 宥婕 | C3: ➖ | F3: 低度用電 | G3: 非低度用電 | H3: 資料缺失 | I3: 總計 | L3: 低度用電 | M3: 非低度用電 | N3: 資料缺失 | O3: 總計 | R3: 低度用電 | S3: 非低度用電 | T3: 資料缺失 | U3: 總計 | X3: 低度用電 | Y3: 非低度用電 | Z3: 資料缺失 | AA3: 總計 | AD3: 低度用電 | AE3: 非低度用電 | AF3: 資料缺失 | AG3: 總計 | AJ3: 低度用電 | AK3: 非低度用電 | AL3: 資料缺失 | AM3: 總計 | AP3: 資料缺失 | AQ3: 總計 | AT3: 資料缺失 | AU3: 總計 | AX3: 資料缺失 | AY3: 總計
B4: 瀚平 | C4: ➖ | E4: 臺北市 | F4: 53573 | G4: 749949 | H4: 333123 | I4: 1136645 | K4: 臺北市 | L4: -657 | M4: -21356 | N4: 27799 | O4: 5786 | Q4: 臺北市 | R4: 54230 | S4: 771305 | T4: 305324 | U4: 1130859 | W4: 臺北市 | X4: -83 | Y4: 18307 | Z4: -12770 | AA4: 5454 | AC4: 臺北市 | AD4: 54313 | AE4: 752998 | AF4: 318094 | AG4: 1125405 | AI4: 臺北市 | AJ4: 54313 | AK4: 752998 | AL4: -803444 | AM4: 3867 | AO4: 臺北市 | AP4: 1121538 | AQ4: 1121538 | AS4: 臺北市 | AT4: 46774 | AU4: 46774 | AW4: 臺北市 | AX4: 1074764 | AY4: 1074764
B5: 賀翔 | C5: ➖ | E5: 新北市 | F5: 106240 | G5: 1439483 | H5: 336044 | I5: 1881767 | K5: 新北市 | L5: 5593 | M5: 18099 | N5: -2187 | O5: 21505 | Q5: 新北市 | R5: 100647 | S5: 1421384 | T5: 338231 | U5: 1860262 | W5: 新北市 | X5: -3501 | Y5: 21469 | Z5: 1967 | AA5: 19935 | AC5: 新北市 | AD5: 104148 | AE5: 1399915 | AF5: 336264 | AG5: 1840327 | AI5: 新北市 | AJ5: 104148 | AK5: 1399915 | AL5: -1485052 | AM5: 19011 | AO5: 新北市 | AP5: 1821316 | AQ5: 1821316 | AS5: 新北市 | AT5: 59000 | AU5: 59000 | AW5: 新北市 | AX5: 1762316 | AY5: 1762316
B6: 尚書 | C6: ➖ | E6: 桃園市 | F6: 64487 | G6: 662789 | H6: 227574 | I6: 954850 | K6: 桃園市 | L6: 4846 | M6: 15043 | N6: 2674 | O6: 22563 | Q6: 桃園市 | R6: 59641 | S6: 647746 | T6: 224900 | U6: 932287 | W6: 桃園市 | X6: -3393 | Y6: 19915 | Z6: 1708 | AA6: 18230 | AC6: 桃園市 | AD6: 63034 | AE6: 627831 | AF6: 223192 | AG6: 914057 | AI6: 桃園市 | AJ6: 63034 | AK6: 627831 | AL6: -671724 | AM6: 19141 | AO6: 桃園市 | AP6: 894916 | AQ6: 894916 | AS6: 桃園市 | AT6: 36219 | AU6: 36219 | AW6: 桃園市 | AX6: 858697 | AY6: 858697
B7: 文琪 | C7: ➖ | E7: 臺中市 | F7: 73878 | G7: 771660 | H7: 305202 | I7: 1150740 | K7: 臺中市 | L7: 7340 | M7: 22013 | N7: -2581 | O7: 26772 | Q7: 臺中市 | R7: 66538 | S7: 749647 | T7: 307783 | U7: 1123968 | W7: 臺中市 | X7: -3773 | Y7: 12274 | Z7: 12695 | AA7: 21196 | AC7: 臺中市 | AD7: 70311 | AE7: 737373 | AF7: 295088 | AG7: 1102772 | AI7: 臺中市 | AJ7: 70311 | AK7: 737373 | AL7: -784982 | AM7: 22702 | AO7: 臺中市 | AP7: 1080070 | AQ7: 1080070 | AS7: 臺中市 | AT7: 33448 | AU7: 33448 | AW7: 臺中市 | AX7: 1046622 | AY7: 1046622
B8: 育誠 | C8: ➖ | E8: 臺南市 | F8: 48151 | G8: 440406 | H8: 200773 | I8: 689330 | K8: 臺南市 | L8: 6278 | M8: 12243 | N8: -2429 | O8: 16092 | Q8: 臺南市 | R8: 41873 | S8: 428163 | T8: 203202 | U8: 673238 | W8: 臺南市 | X8: 868 | Y8: 6481 | Z8: 5150 | AA8: 12499 | AC8: 臺南市 | AD8: 41005 | AE8: 421682 | AF8: 198052 | AG8: 660739 | AI8: 臺南市 | AJ8: 41005 | AK8: 421682 | AL8: -451470 | AM8: 11217 | AO8: 臺南市 | AP8: 649522 | AQ8: 649522 | AS8: 臺南市 | AT8: 18135 | AU8: 18135 | AW8: 臺南市 | AX8: 631387 | AY8: 631387
B9: 會議 | C9: ➖ | E9: 高雄市 | F9: 90649 | G9: 787272 | H9: 208002 | I9: 1085923 | K9: 高雄市 | L9: 6550 | M9: 16896 | N9: -6386 | O9: 17060 | Q9: 高雄市 | R9: 84099 | S9: 770376 | T9: 214388 | U9: 1068863 | W9: 高雄市 | X9: 449 | Y9: 9631 | Z9: 6849 | AA9: 16929 | AC9: 高雄市 | AD9: 83650 | AE9: 760745 | AF9: 207539 | AG9: 1051934 | AI9: 高雄市 | AJ9: 83650 | AK9: 760745 | AL9: -829076 | AM9: 15319 | AO9: 高雄市 | AP9: 1036615 | AQ9: 1036615 | AS9: 高雄市 | AT9: 24090 | AU9: 24090 | AW9: 高雄市 | AX9: 1012525 | AY9: 1012525
E10: 基隆市 | F10: 14703 | G10: 118686 | H10: 43224 | I10: 176613 | K10: 基隆市 | L10: 25 | M10: 386 | N10: 1284 | O10: 1695 | Q10: 基隆市 | R10: 14678 | S10: 118300 | T10: 41940 | U10: 174918 | W10: 基隆市 | X10: 434 | Y10: 2124 | Z10: -1024 | AA10: 1534 | AC10: 基隆市 | AD10: 14244 | AE10: 116176 | AF10: 42964 | AG10: 173384 | AI10: 基隆市 | AJ10: 14244 | AK10: 116176 | AL10: -129249 | AM10: 1171 | AO10: 基隆市 | AP10: 172213 | AQ10: 172213 | AS10: 基隆市 | AT10: 5938 | AU10: 5938 | AW10: 基隆市 | AX10: 166275 | AY10: 166275
E11: 新竹市 | F11: 11053 | G11: 131130 | H11: 53825 | I11: 196008 | K11: 新竹市 | L11: 565 | M11: 2449 | N11: 202 | O11: 3216 | Q11: 新竹市 | R11: 10488 | S11: 128681 | T11: 53623 | U11: 192792 | W11: 新竹市 | X11: -505 | Y11: 2545 | Z11: 957 | AA11: 2997 | AC11: 新竹市 | AD11: 10993 | AE11: 126136 | AF11: 52666 | AG11: 189795 | AI11: 新竹市 | AJ11: 10993 | AK11: 126136 | AL11: -135338 | AM11: 1791 | AO11: 新竹市 | AP11: 188004 | AQ11: 188004 | AS11: 新竹市 | AT11: 9634 | AU11: 9634 | AW11: 新竹市 | AX11: 178370 | AY11: 178370
E12: 新竹縣 | F12: 11358 | G12: 125143 | H12: 84101 | I12: 220602 | K12: 新竹縣 | L12: 1266 | M12: 4425 | N12: 474 | O12: 6165 | Q12: 新竹縣 | R12: 10092 | S12: 120718 | T12: 83627 | U12: 214437 | W12: 新竹縣 | X12: -644 | Y12: 2315 | Z12: 4271 | AA12: 5942 | AC12: 新竹縣 | AD12: 10736 | AE12: 118403 | AF12: 79356 | AG12: 208495 | AI12: 新竹縣 | AJ12: 10736 | AK12: 118403 | AL12: -124296 | AM12: 4843 | AO12: 新竹縣 | AP12: 203652 | AQ12: 203652 | AS12: 新竹縣 | AT12: 10240 | AU12: 10240 | AW12: 新竹縣 | AX12: 193412 | AY12: 193412
E13: 宜蘭縣 | F13: 20470 | G13: 123382 | H13: 40665 | I13: 184517 | K13: 宜蘭縣 | L13: 1081 | M13: 5492 | N13: -3430 | O13: 3143 | Q13: 宜蘭縣 | R13: 19389 | S13: 117890 | T13: 44095 | U13: 181374 | W13: 宜蘭縣 | X13: -489 | Y13: 927 | Z13: 2785 | AA13: 3223 | AC13: 宜蘭縣 | AD13: 19878 | AE13: 116963 | AF13: 41310 | AG13: 178151 | AI13: 宜蘭縣 | AJ13: 19878 | AK13: 116963 | AL13: -134129 | AM13: 2712 | AO13: 宜蘭縣 | AP13: 175439 | AQ13: 175439 | AS13: 宜蘭縣 | AT13: 6518 | AU13: 6518 | AW13: 宜蘭縣 | AX13: 168921 | AY13: 168921
E14: 苗栗縣 | F14: 12566 | G14: 105322 | H14: 59443 | I14: 177331 | K14: 苗栗縣 | L14: 879 | M14: 6171 | N14: -3874 | O14: 3176 | Q14: 苗栗縣 | R14: 11687 | S14: 99151 | T14: 63317 | U14: 174155 | W14: 苗栗縣 | X14: -114 | Y14: 1372 | Z14: 1686 | AA14: 2944 | AC14: 苗栗縣 | AD14: 11801 | AE14: 97779 | AF14: 61631 | AG14: 171211 | AI14: 苗栗縣 | AJ14: 11801 | AK14: 97779 | AL14: -101949 | AM14: 7631 | AO14: 苗栗縣 | AP14: 163580 | AQ14: 163580 | AS14: 苗栗縣 | AT14: 74 | AU14: 74 | AW14: 苗栗縣 | AX14: 163506 | AY14: 163506
E15: 彰化縣 | F15: 22000 | G15: 201857 | H15: 88769 | I15: 312626 | K15: 彰化縣 | L15: 2135 | M15: 11906 | N15: -7691 | O15: 6350 | Q15: 彰化縣 | R15: 19865 | S15: 189951 | T15: 96460 | U15: 306276 | W15: 彰化縣 | X15: -1103 | Y15: -873 | Z15: 6770 | AA15: 4794 | AC15: 彰化縣 | AD15: 20968 | AE15: 190824 | AF15: 89690 | AG15: 301482 | AI15: 彰化縣 | AJ15: 20968 | AK15: 190824 | AL15: -206488 | AM15: 5304 | AO15: 彰化縣 | AP15: 296178 | AQ15: 296178 | AS15: 彰化縣 | AT15: 5909 | AU15: 5909 | AW15: 彰化縣 | AX15: 290269 | AY15: 290269
E16: 南投縣 | F16: 10169 | G16: 82388 | H16: 38243 | I16: 130800 | K16: 南投縣 | L16: 997 | M16: 2182 | N16: -1273 | O16: 1906 | Q16: 南投縣 | R16: 9172 | S16: 80206 | T16: 39516 | U16: 128894 | W16: 南投縣 | X16: -530 | Y16: 1021 | Z16: 1555 | AA16: 2046 | AC16: 南投縣 | AD16: 9702 | AE16: 79185 | AF16: 37961 | AG16: 126848 | AI16: 南投縣 | AJ16: 9702 | AK16: 79185 | AL16: -87048 | AM16: 1839 | AO16: 南投縣 | AP16: 125009 | AQ16: 125009 | AS16: 南投縣 | AT16: 2192 | AU16: 2192 | AW16: 南投縣 | AX16: 122817 | AY16: 122817
E17: 雲林縣 | F17: 12664 | G17: 96035 | H17: 53951 | I17: 162650 | K17: 雲林縣 | L17: 2158 | M17: 7701 | N17: -5932 | O17: 3927 | Q17: 雲林縣 | R17: 10506 | S17: 88334 | T17: 59883 | U17: 158723 | W17: 雲林縣 | X17: -633 | Y17: -808 | Z17: 5122 | AA17: 3681 | AC17: 雲林縣 | AD17: 11139 | AE17: 89142 | AF17: 54761 | AG17: 155042 | AI17: 雲林縣 | AJ17: 11139 | AK17: 89142 | AL17: -97207 | AM17: 3074 | AO17: 雲林縣 | AP17: 151968 | AQ17: 151968 | AS17: 雲林縣 | AT17: 4021 | AU17: 4021 | AW17: 雲林縣 | AX17: 147947 | AY17: 147947
E18: 嘉義市 | F18: 8782 | G18: 69550 | H18: 30946 | I18: 109278 | K18: 嘉義市 | L18: 2655 | M18: 15748 | N18: -17161 | O18: 1242 | Q18: 嘉義市 | R18: 6127 | S18: 53802 | T18: 48107 | U18: 108036 | W18: 嘉義市 | X18: 43 | Y18: 2214 | Z18: -1522 | AA18: 735 | AC18: 嘉義市 | AD18: 6084 | AE18: 51588 | AF18: 49629 | AG18: 107301 | AI18: 嘉義市 | AJ18: 6084 | AK18: 51588 | AL18: -56872 | AM18: 800 | AO18: 嘉義市 | AP18: 106501 | AQ18: 106501 | AS18: 嘉義市 | AT18: 2786 | AU18: 2786 | AW18: 嘉義市 | AX18: 103715 | AY18: 103715
E19: 嘉義縣 | F19: 8027 | G19: 63714 | H19: 49317 | I19: 121058 | K19: 嘉義縣 | L19: 1592 | M19: 9338 | N19: -9278 | O19: 1652 | Q19: 嘉義縣 | R19: 6435 | S19: 54376 | T19: 58595 | U19: 119406 | W19: 嘉義縣 | X19: -754 | Y19: -2681 | Z19: 5721 | AA19: 2286 | AC19: 嘉義縣 | AD19: 7189 | AE19: 57057 | AF19: 52874 | AG19: 117120 | AI19: 嘉義縣 | AJ19: 7189 | AK19: 57057 | AL19: -62823 | AM19: 1423 | AO19: 嘉義縣 | AP19: 115697 | AQ19: 115697 | AS19: 嘉義縣 | AT19: 2313 | AU19: 2313 | AW19: 嘉義縣 | AX19: 113384 | AY19: 113384
E20: 屏東縣 | F20: 16853 | G20: 142076 | H20: 59147 | I20: 218076 | K20: 屏東縣 | L20: 1830 | M20: 5476 | N20: -3611 | O20: 3695 | Q20: 屏東縣 | R20: 15023 | S20: 136600 | T20: 62758 | U20: 214381 | W20: 屏東縣 | X20: 23 | Y20: 1627 | Z20: 2140 | AA20: 3790 | AC20: 屏東縣 | AD20: 15000 | AE20: 134973 | AF20: 60618 | AG20: 210591 | AI20: 屏東縣 | AJ20: 15000 | AK20: 134973 | AL20: -146691 | AM20: 3282 | AO20: 屏東縣 | AP20: 207309 | AQ20: 207309 | AS20: 屏東縣 | AT20: 3607 | AU20: 3607 | AW20: 屏東縣 | AX20: 203702 | AY20: 203702
E21: 澎湖縣 | F21: 1251 | G21: 11541 | H21: 17302 | I21: 30094 | K21: 澎湖縣 | L21: 263 | M21: 1059 | N21: -982 | O21: 340 | Q21: 澎湖縣 | R21: 988 | S21: 10482 | T21: 18284 | U21: 29754 | W21: 澎湖縣 | X21: -36 | Y21: 9 | Z21: 529 | AA21: 502 | AC21: 澎湖縣 | AD21: 1024 | AE21: 10473 | AF21: 17755 | AG21: 29252 | AI21: 澎湖縣 | AJ21: 1024 | AK21: 10473 | AL21: -11040 | AM21: 457 | AO21: 澎湖縣 | AP21: 28795 | AQ21: 28795 | AS21: 澎湖縣 | AT21: 620 | AU21: 620 | AW21: 澎湖縣 | AX21: 28175 | AY21: 28175
... E26: 總計 | F26: 604312 | G26: 6245790 | H26: 2283840 | I26: 9133942 | K26: 總計 | L26: 47385 | M26: 137895 | N26: -36400 | O26: 148880 | Q26: 總計 | R26: 556927 | S26: 6107895 | T26: 2320240 | U26: 8985062 | W26: 總計 | X26: -14004 | Y26: 98342 | Z26: 47120 | AA26: 131458 | AC26: 總計 | AD26: 570931 | AE26: 6009553 | AF26: 2273120 | AG26: 8853604 | AI26: 總計 | AJ26: 570931 | AK26: 6009553 | AL26: -6452666 | AM26: 127818 | AO26: 總計 | AP26: 8725786 | AQ26: 8725786 | AS26: 總計 | AT26: 278189 | AU26: 278189 | AW26: 總計 | AX26: 8447597 | AY26: 8447597
F28: 低度用電 | G28: 非低度用電 | H28: 總計 | L28: 低度用電 | M28: 非低度用電 | N28: 總計 | R28: 低度用電 | S28: 非低度用電 | T28: 總計 | X28: 低度用電 | Y28: 非低度用電 | Z28: 總計 | AD28: 低度用電 | AE28: 非低度用電 | AF28: 總計 | AJ28: 低度用電 | AK28: 非低度用電 | AL28: 總計 | AP28: 總計 | AT28: 總計 | AX28: 總計
E29: 臺北市 | F29: 6.6672723 | G29: 93.332728 | H29: 100 | K29: 臺北市 | L29: 0.098198945 | M29: -0.098198945 | N29: 0 | Q29: 臺北市 | R29: 6.5690734 | S29: 93.430927 | T29: 100 | W29: 臺北市 | X29: -0.15856937 | Y29: 0.15856937 | Z29: 0 | AC29: 臺北市 | AD29: 6.7276428 | AE29: 93.272357 | AF29: 100 | AI29: 臺北市 | AJ29: 6.7276428 | AK29: 93.272357 | AL29: 100 | AO29: 臺北市 | AP29: 0 | AS29: 臺北市 | AT29: 0 | AW29: 臺北市 | AX29: 0
E30: 新北市 | F30: 6.873159 | G30: 93.126841 | H30: 100 | K30: 新北市 | L30: 0.26048163 | M30: -0.26048163 | N30: 0 | Q30: 新北市 | R30: 6.6126774 | S30: 93.387323 | T30: 100 | W30: 新北市 | X30: -0.31176659 | Y30: 0.31176659 | Z30: 0 | AC30: 新北市 | AD30: 6.924444 | AE30: 93.075556 | AF30: 100 | AI30: 新北市 | AJ30: 6.924444 | AK30: 93.075556 | AL30: 100 | AO30: 新北市 | AP30: 0 | AS30: 新北市 | AT30: 0 | AW30: 新北市 | AX30: 0
E31: 桃園市 | F31: 8.8669226 | G31: 91.133077 | H31: 100 | K31: 桃園市 | L31: 0.43575267 | M31: -0.43575267 | N31: 0 | Q31: 桃園市 | R31: 8.4311699 | S31: 91.56883 | T31: 100 | W31: 桃園市 | X31: -0.69275443 | Y31: 0.69275443 | Z31: 0 | AC31: 桃園市 | AD31: 9.1239244 | AE31: 90.876076 | AF31: 100 | AI31: 桃園市 | AJ31: 9.1239244 | AK31: 90.876076 | AL31: 100 | AO31: 桃園市 | AP31: 0 | AS31: 桃園市 | AT31: 0 | AW31: 桃園市 | AX31: 0
E32: 臺中市 | F32: 8.7373956 | G32: 91.262604 | H32: 100 | K32: 臺中市 | L32: 0.58507719 | M32: -0.58507719 | N32: 0 | Q32: 臺中市 | R32: 8.1523184 | S32: 91.847682 | T32: 100 | W32: 臺中市 | X32: -0.55294256 | Y32: 0.55294256 | Z32: 0 | AC32: 臺中市 | AD32: 8.705261 | AE32: 91.294739 | AF32: 100 | AI32: 臺中市 | AJ32: 8.705261 | AK32: 91.294739 | AL32: 100 | AO32: 臺中市 | AP32: 0 | AS32: 臺中市 | AT32: 0 | AW32: 臺中市 | AX32: 0
E33: 臺南市 | F33: 9.8557589 | G33: 90.144241 | H33: 100 | K33: 臺南市 | L33: 0.94729231 | M33: -0.94729231 | N33: 0 | Q33: 臺南市 | R33: 8.9084666 | S33: 91.091533 | T33: 100 | W33: 臺南市 | X33: 0.046103908 | Y33: -0.046103908 | Z33: 0 | AC33: 臺南市 | AD33: 8.8623627 | AE33: 91.137637 | AF33: 100 | AI33: 臺南市 | AJ33: 8.8623627 | AK33: 91.137637 | AL33: 100 | AO33: 臺南市 | AP33: 0 | AS33: 臺南市 | AT33: 0 | AW33: 臺南市 | AX33: 0
E34: 高雄市 | F34: 10.325417 | G34: 89.674583 | H34: 100 | K34: 高雄市 | L34: 0.48323273 | M34: -0.48323273 | N34: 0 | Q34: 高雄市 | R34: 9.8421838 | S34: 90.157816 | T34: 100 | W34: 高雄市 | X34: -0.064317307 | Y34: 0.064317307 | Z34: 0 | AC34: 高雄市 | AD34: 9.9065011 | AE34: 90.093499 | AF34: 100 | AI34: 高雄市 | AJ34: 9.9065011 | AK34: 90.093499 | AL34: 100 | AO34: 高雄市 | AP34: 0 | AS34: 高雄市 | AT34: 0 | AW34: 高雄市 | AX34: 0
E35: 基隆市 | F35: 11.022648 | G35: 88.977352 | H35: 100 | K35: 基隆市 | L35: -0.015268002 | M35: 0.015268002 | N35: 0 | Q35: 基隆市 | R35: 11.037916 | S35: 88.962084 | T35: 100 | W35: 基隆市 | X35: 0.11627826 | Y35: -0.11627826 | Z35: 0 | AC35: 基隆市 | AD35: 10.921638 | AE35: 89.078362 | AF35: 100 | AI35: 基隆市 | AJ35: 10.921638 | AK35: 89.078362 | AL35: 100 | AO35: 基隆市 | AP35: 0 | AS35: 基隆市 | AT35: 0 | AW35: 基隆市 | AX35: 0
E36: 新竹市 | F36: 7.7737845 | G36: 92.226216 | H36: 100 | K36: 新竹市 | L36: 0.23762342 | M36: -0.23762342 | N36: 0 | Q36: 新竹市 | R36: 7.5361611 | S36: 92.463839 | T36: 100 | W36: 新竹市 | X36: -0.4803781 | Y36: 0.4803781 | Z36: 0 | AC36: 新竹市 | AD36: 8.0165392 | AE36: 91.983461 | AF36: 100 | AI36: 新竹市 | AJ36: 8.0165392 | AK36: 91.983461 | AL36: 100 | AO36: 新竹市 | AP36: 0 | AS36: 新竹市 | AT36: 0 | AW36: 新竹市 | AX36: 0
E37: 新竹縣 | F37: 8.3208182 | G37: 91.679182 | H37: 100 | K37: 新竹縣 | L37: 0.60581166 | M37: -0.60581166 | N37: 0 | Q37: 新竹縣 | R37: 7.7150065 | S37: 92.284994 | T37: 100 | W37: 新竹縣 | X37: -0.59851614 | Y37: 0.59851614 | Z37: 0 | AC37: 新竹縣 | AD37: 8.3135226 | AE37: 91.686477 | AF37: 100 | AI37: 新竹縣 | AJ37: 8.3135226 | AK37: 91.686477 | AL37: 100 | AO37: 新竹縣 | AP37: 0 | AS37: 新竹縣 | AT37: 0 | AW37: 新竹縣 | AX37: 0
E38: 宜蘭縣 | F38: 14.229903 | G38: 85.770097 | H38: 100 | K38: 宜蘭縣 | L38: 0.10611126 | M38: -0.10611126 | N38: 0 | Q38: 宜蘭縣 | R38: 14.123792 | S38: 85.876208 | T38: 100 | W38: 宜蘭縣 | X38: -0.4025564 | Y38: 0.4025564 | Z38: 0 | AC38: 宜蘭縣 | AD38: 14.526348 | AE38: 85.473652 | AF38: 100 | AI38: 宜蘭縣 | AJ38: 14.526348 | AK38: 85.473652 | AL38: 100 | AO38: 宜蘭縣 | AP38: 0 | AS38: 宜蘭縣 | AT38: 0 | AW38: 宜蘭縣 | AX38: 0
E39: 苗栗縣 | F39: 10.65927 | G39: 89.34073 | H39: 100 | K39: 苗栗縣 | L39: 0.11505213 | M39: -0.11505213 | N39: 0 | Q39: 苗栗縣 | R39: 10.544218 | S39: 89.455782 | T39: 100 | W39: 苗栗縣 | X39: -0.22508328 | Y39: 0.22508328 | Z39: 0 | AC39: 苗栗縣 | AD39: 10.769301 | AE39: 89.230699 | AF39: 100 | AI39: 苗栗縣 | AJ39: 10.769301 | AK39: 89.230699 | AL39: 100 | AO39: 苗栗縣 | AP39: 0 | AS39: 苗栗縣 | AT39: 0 | AW39: 苗栗縣 | AX39: 0
E40: 彰化縣 | F40: 9.8277025 | G40: 90.172297 | H40: 100 | K40: 彰化縣 | L40: 0.35988308 | M40: -0.35988308 | N40: 0 | Q40: 彰化縣 | R40: 9.4678194 | S40: 90.532181 | T40: 100 | W40: 彰化縣 | X40: -0.4324601 | Y40: 0.4324601 | Z40: 0 | AC40: 彰化縣 | AD40: 9.9002795 | AE40: 90.09972 | AF40: 100 | AI40: 彰化縣 | AJ40: 9.9002795 | AK40: 90.09972 | AL40: 100 | AO40: 彰化縣 | AP40: 0 | AS40: 彰化縣 | AT40: 0 | AW40: 彰化縣 | AX40: 0
... E51: 總計 | F51: 8.8219416 | G51: 91.178058 | H51: 100 | K51: 總計 | L51: 0.46572446 | M51: -0.46572446 | N51: 0 | Q51: 總計 | R51: 8.3562172 | S51: 91.643783 | T51: 100 | W51: 總計 | X51: -0.31990757 | Y51: 0.31990757 | Z51: 0 | AC51: 總計 | AD51: 8.6761247 | AE51: 91.323875 | AF51: 100 | AI51: 總計 | AJ51: 8.6761247 | AK51: 91.323875 | AL51: 100 | AO51: 總計 | AP51: 0 | AS51: 總計 | AT51: 0 | AW51: 總計 | AX51: 0
F53: 低度用電 | G53: 非低度用電 | H53: 總計 | L53: 低度用電 | M53: 非低度用電 | N53: 總計 | R53: 低度用電 | S53: 非低度用電 | T53: 總計 | X53: 低度用電 | Y53: 非低度用電 | Z53: 總計 | AD53: 低度用電 | AE53: 非低度用電 | AF53: 總計 | AJ53: 低度用電 | AK53: 非低度用電 | AL53: 總計 | AP53: 總計 | AT53: 總計 | AX53: 總計
E54: 臺北市 | F54: 8.8651227 | G54: 12.007272 | H54: 11.730074 | K54: 臺北市 | L54: -0.8722397 | M54: -0.62072822 | N54: -0.65637882 | Q54: 臺北市 | R54: 9.7373623 | S54: 12.628 | T54: 12.386452 | W54: 臺北市 | X54: 0.22430385 | Y54: 0.097983526 | Z54: 0.1181906 | AC54: 臺北市 | AD54: 9.5130585 | AE54: 12.530017 | AF54: 12.268262 | AI54: 臺北市 | AJ54: 9.5130585 | AK54: 12.530017 | AL54: 12.268262 | AO54: 臺北市 | AP54: 0 | AS54: 臺北市 | AT54: 0 | AW54: 臺北市 | AX54: 0
E55: 新北市 | F55: 17.580323 | G55: 23.047253 | H55: 22.564963 | K55: 新北市 | L55: -0.49152509 | M55: -0.22400531 | N55: -0.27182067 | Q55: 新北市 | R55: 18.071848 | S55: 23.271258 | T55: 22.836784 | W55: 新北市 | X55: -0.1699362 | Y55: -0.023569481 | Z55: -0.019635134 | AC55: 新北市 | AD55: 18.241784 | AE55: 23.294827 | AF55: 22.856419 | AI55: 新北市 | AJ55: 18.241784 | AK55: 23.294827 | AL55: 22.856419 | AO55: 新北市 | AP55: 0 | AS55: 新北市 | AT55: 0 | AW55: 新北市 | AX55: 0
E56: 桃園市 | F56: 10.671143 | G56: 10.611772 | H56: 10.61701 | K56: 桃園市 | L56: -0.037800518 | M56: 0.0067109352 | N56: 0.0032679681 | Q56: 桃園市 | R56: 10.708944 | S56: 10.605061 | T56: 10.613742 | W56: 桃園市 | X56: -0.33161967 | Y56: 0.15784486 | Z56: 0.11504598 | AC56: 桃園市 | AD56: 11.040564 | AE56: 10.447216 | AF56: 10.498696 | AI56: 桃園市 | AJ56: 11.040564 | AK56: 10.447216 | AL56: 10.498696 | AO56: 桃園市 | AP56: 0 | AS56: 桃園市 | AT56: 0 | AW56: 桃園市 | AX56: 0
E57: 臺中市 | F57: 12.225142 | G57: 12.354882 | H57: 12.343437 | K57: 臺中市 | L57: 0.2777952 | M57: 0.081472179 | N57: 0.097273124 | Q57: 臺中市 | R57: 11.947347 | S57: 12.27341 | T57: 12.246164 | W57: 臺中市 | X57: -0.36780164 | Y57: 0.0033959775 | Z57: -0.027766489 | AC57: 臺中市 | AD57: 12.315148 | AE57: 12.270014 | AF57: 12.27393 | AI57: 臺中市 | AJ57: 12.315148 | AK57: 12.270014 | AL57: 12.27393 | AO57: 臺中市 | AP57: 0 | AS57: 臺中市 | AT57: 0 | AW57: 臺中市 | AX57: 0
E58: 臺南市 | F58: 7.967904 | G58: 7.0512457 | H58: 7.1321128 | K58: 臺南市 | L58: 0.44932436 | M58: 0.041252915 | N58: 0.079621353 | Q58: 臺南市 | R58: 7.5185796 | S58: 7.0099928 | T58: 7.0524914 | W58: 臺南市 | X58: 0.3364508 | Y58: -0.0068685162 | Z58: 0.021291288 | AC58: 臺南市 | AD58: 7.1821288 | AE58: 7.0168613 | AF58: 7.0312001 | AI58: 臺南市 | AJ58: 7.1821288 | AK58: 7.0168613 | AL58: 7.0312001 | AO58: 臺南市 | AP58: 0 | AS58: 臺南市 | AT58: 0 | AW58: 臺南市 | AX58: 0
E59: 高雄市 | F59: 15.000364 | G59: 12.604843 | H59: 12.816174 | K59: 高雄市 | L59: -0.10017875 | M59: -0.0079478729 | N59: -0.004498356 | Q59: 高雄市 | R59: 15.100543 | S59: 12.61279 | T59: 12.820672 | W59: 高雄市 | X59: 0.449035 | Y59: -0.046137715 | Z59: -0.01113442 | AC59: 高雄市 | AD59: 14.651508 | AE59: 12.658928 | AF59: 12.831807 | AI59: 高雄市 | AJ59: 14.651508 | AK59: 12.658928 | AL59: 12.831807 | AO59: 高雄市 | AP59: 0 | AS59: 高雄市 | AT59: 0 | AW59: 高雄市 | AX59: 0
E60: 基隆市 | F60: 2.4330147 | G60: 1.900256 | H60: 1.9472557 | K60: 基隆市 | L60: -0.20251919 | M60: -0.036581474 | N60: -0.047966402 | Q60: 基隆市 | R60: 2.6355339 | S60: 1.9368375 | T60: 1.9952221 | W60: 基隆市 | X60: 0.14066151 | Y60: 0.0036487785 | Z60: 0.013300991 | AC60: 基隆市 | AD60: 2.4948724 | AE60: 1.9331887 | AF60: 1.9819211 | AI60: 基隆市 | AJ60: 2.4948724 | AK60: 1.9331887 | AL60: 1.9819211 | AO60: 基隆市 | AP60: 0 | AS60: 基隆市 | AT60: 0 | AW60: 基隆市 | AX60: 0
E61: 新竹市 | F61: 1.8290221 | G61: 2.0994942 | H61: 2.0756333 | K61: 新竹市 | L61: -0.05416906 | M61: -0.0073036218 | N61: -0.012479454 | Q61: 新竹市 | R61: 1.8831912 | S61: 2.1067978 | T61: 2.0881128 | W61: 新竹市 | X61: -0.042260433 | Y61: 0.0078730126 | Z61: 0.0042387071 | AC61: 新竹市 | AD61: 1.9254516 | AE61: 2.0989248 | AF61: 2.0838741 | AI61: 新竹市 | AJ61: 1.9254516 | AK61: 2.0989248 | AL61: 2.0838741 | AO61: 新竹市 | AP61: 0 | AS61: 新竹市 | AT61: 0 | AW61: 新竹市 | AX61: 0
E62: 新竹縣 | F62: 1.8794927 | G62: 2.0036377 | H62: 1.9926857 | K62: 新竹縣 | L62: 0.06740603 | M62: 0.027212057 | N62: 0.029992579 | Q62: 新竹縣 | R62: 1.8120867 | S62: 1.9764256 | T62: 1.9626931 | W62: 新竹縣 | X62: -0.068350708 | Y62: 0.0061792207 | Z62: 0.00023864373 | AC62: 新竹縣 | AD62: 1.8804374 | AE62: 1.9702464 | AF62: 1.9624544 | AI62: 新竹縣 | AJ62: 1.8804374 | AK62: 1.9702464 | AL62: 1.9624544 | AO62: 新竹縣 | AP62: 0 | AS62: 新竹縣 | AT62: 0 | AW62: 新竹縣 | AX62: 0
E63: 宜蘭縣 | F63: 3.3873231 | G63: 1.9754427 | H63: 2.0999979 | K63: 宜蘭縣 | L63: -0.094102648 | M63: 0.045317795 | N63: 0.040242993 | Q63: 宜蘭縣 | R63: 3.4814258 | S63: 1.9301249 | T63: 2.0597549 | W63: 宜蘭縣 | X63: -0.00025592193 | Y63: -0.016159661 | Z63: -0.019742562 | AC63: 宜蘭縣 | AD63: 3.4816817 | AE63: 1.9462845 | AF63: 2.0794975 | AI63: 宜蘭縣 | AJ63: 3.4816817 | AK63: 1.9462845 | AL63: 2.0794975 | AO63: 宜蘭縣 | AP63: 0 | AS63: 宜蘭縣 | AT63: 0 | AW63: 宜蘭縣 | AX63: 0
E64: 苗栗縣 | F64: 2.0793895 | G64: 1.6862879 | H64: 1.7209671 | K64: 苗栗縣 | L64: -0.019090239 | M64: 0.062962663 | N64: 0.057936914 | Q64: 苗栗縣 | R64: 2.0984797 | S64: 1.6233252 | T64: 1.6630302 | W64: 苗栗縣 | X64: 0.031504875 | Y64: -0.0037342293 | Z64: -0.0021968958 | AC64: 苗栗縣 | AD64: 2.0669748 | AE64: 1.6270595 | AF64: 1.6652271 | AI64: 苗栗縣 | AJ64: 2.0669748 | AK64: 1.6270595 | AL64: 1.6652271 | AO64: 苗栗縣 | AP64: 0 | AS64: 苗栗縣 | AT64: 0 | AW64: 苗栗縣 | AX64: 0
E65: 彰化縣 | F65: 3.6405036 | G65: 3.231889 | H65: 3.2679367 | K65: 彰化縣 | L65: 0.073608817 | M65: 0.12196324 | N65: 0.11982566 | Q65: 彰化縣 | R65: 3.5668948 | S65: 3.1099258 | T65: 3.1481111 | W65: 彰化縣 | X65: -0.10570315 | Y65: -0.065418563 | Z65: -0.070375582 | AC65: 彰化縣 | AD65: 3.6725979 | AE65: 3.1753443 | AF65: 3.2184867 | AI65: 彰化縣 | AJ65: 3.6725979 | AK65: 3.1753443 | AL65: 3.2184867 | AO65: 彰化縣 | AP65: 0 | AS65: 彰化縣 | AT65: 0 | AW65: 彰化縣 | AX65: 0
... E76: 總計 | F76: 100 | G76: 100 | H76: 100 | K76: 總計 | L76: 0 | M76: 0 | N76: 0 | Q76: 總計 | R76: 100 | S76: 100 | T76: 100 | W76: 總計 | X76: 0 | Y76: 0 | Z76: 0 | AC76: 總計 | AD76: 100 | AE76: 100 | AF76: 100 | AI76: 總計 | AJ76: 100 | AK76: 100 | AL76: 100 | AO76: 總計 | AP76: 0 | AS76: 總計 | AT76: 0 | AW76: 總計 | AX76: 0
F78: 低度用電 | G78: 非低度用電 | H78: 總計 | L78: 低度用電 | M78: 非低度用電 | N78: 總計 | R78: 低度用電 | S78: 非低度用電 | T78: 總計 | X78: 低度用電 | Y78: 非低度用電 | Z78: 總計 | AD78: 低度用電 | AE78: 非低度用電 | AF78: 總計 | AJ78: 低度用電 | AK78: 非低度用電 | AL78: 總計 | AP78: 總計 | AT78: 總計 | AX78: 總計
E79: 臺北市 | F79: 0.78207595 | G79: 10.947998 | H79: 11.730074 | K79: 臺北市 | L79: -0.031599198 | M79: -0.62477962 | N79: -0.65637882 | Q79: 臺北市 | R79: 0.81367514 | S79: 11.572777 | T79: 12.386452 | W79: 臺北市 | X79: -0.011689677 | Y79: 0.12988028 | Z79: 0.1181906 | AC79: 臺北市 | AD79: 0.82536482 | AE79: 11.442897 | AF79: 12.268262 | AI79: 臺北市 | AJ79: 0.82536482 | AK79: 11.442897 | AL79: 12.268262 | AO79: 臺北市 | AP79: 0 | AS79: 臺北市 | AT79: 0 | AW79: 臺北市 | AX79: 0
E80: 新北市 | F80: 1.5509258 | G80: 21.014037 | H80: 22.564963 | K80: 新北市 | L80: 0.04080296 | M80: -0.31262363 | N80: -0.27182067 | Q80: 新北市 | R80: 1.5101229 | S80: 21.326661 | T80: 22.836784 | W80: 新北市 | X80: -0.072557086 | Y80: 0.052921952 | Z80: -0.019635134 | AC80: 新北市 | AD80: 1.5826799 | AE80: 21.273739 | AF80: 22.856419 | AI80: 新北市 | AJ80: 1.5826799 | AK80: 21.273739 | AL80: 22.856419 | AO80: 新北市 | AP80: 0 | AS80: 新北市 | AT80: 0 | AW80: 新北市 | AX80: 0
E81: 桃園市 | F81: 0.94140204 | G81: 9.6756078 | H81: 10.61701 | K81: 桃園市 | L81: 0.046539432 | M81: -0.043271464 | N81: 0.0032679681 | Q81: 桃園市 | R81: 0.89486261 | S81: 9.7188792 | T81: 10.613742 | W81: 桃園市 | X81: -0.063030458 | Y81: 0.17807644 | Z81: 0.11504598 | AC81: 桃園市 | AD81: 0.95789307 | AE81: 9.5408028 | AF81: 10.498696 | AI81: 桃園市 | AJ81: 0.95789307 | AK81: 9.5408028 | AL81: 10.498696 | AO81: 桃園市 | AP81: 0 | AS81: 桃園市 | AT81: 0 | AW81: 桃園市 | AX81: 0
E82: 臺中市 | F82: 1.0784949 | G82: 11.264942 | H82: 12.343437 | K82: 臺中市 | L82: 0.080148647 | M82: 0.017124477 | N82: 0.097273124 | Q82: 臺中市 | R82: 0.99834624 | S82: 11.247817 | T82: 12.246164 | W82: 臺中市 | X82: -0.070131395 | Y82: 0.042364906 | Z82: -0.027766489 | AC82: 臺中市 | AD82: 1.0684776 | AE82: 11.205452 | AF82: 12.27393 | AI82: 臺中市 | AJ82: 1.0684776 | AK82: 11.205452 | AL82: 12.27393 | AO82: 臺中市 | AP82: 0 | AS82: 臺中市 | AT82: 0 | AW82: 臺中市 | AX82: 0
E83: 臺南市 | F83: 0.70292384 | G83: 6.4291889 | H83: 7.1321128 | K83: 臺南市 | L83: 0.074654998 | M83: 0.0049663552 | N83: 0.079621353 | Q83: 臺南市 | R83: 0.62826884 | S83: 6.4242226 | T83: 7.0524914 | W83: 臺南市 | X83: 0.0051383853 | Y83: 0.016152902 | Z83: 0.021291288 | AC83: 臺南市 | AD83: 0.62313046 | AE83: 6.4080697 | AF83: 7.0312001 | AI83: 臺南市 | AJ83: 0.62313046 | AK83: 6.4080697 | AL83: 7.0312001 | AO83: 臺南市 | AP83: 0 | AS83: 臺南市 | AT83: 0 | AW83: 臺南市 | AX83: 0
E84: 高雄市 | F84: 1.3233234 | G84: 11.492851 | H84: 12.816174 | K84: 高雄市 | L84: 0.061489211 | M84: -0.065987567 | N84: -0.004498356 | Q84: 高雄市 | R84: 1.2618341 | S84: 11.558838 | T84: 12.820672 | W84: 高雄市 | X84: -0.0093489428 | Y84: -0.0017854777 | Z84: -0.01113442 | AC84: 高雄市 | AD84: 1.2711831 | AE84: 11.560624 | AF84: 12.831807 | AI84: 高雄市 | AJ84: 1.2711831 | AK84: 11.560624 | AL84: 12.831807 | AO84: 高雄市 | AP84: 0 | AS84: 高雄市 | AT84: 0 | AW84: 高雄市 | AX84: 0
E85: 基隆市 | F85: 0.21463914 | G85: 1.7326165 | H85: 1.9472557 | K85: 基隆市 | L85: -0.0055917982 | M85: -0.042374604 | N85: -0.047966402 | Q85: 基隆市 | R85: 0.22023094 | S85: 1.7749911 | T85: 1.9952221 | W85: 基隆市 | X85: 0.0037726956 | Y85: 0.0095282957 | Z85: 0.013300991 | AC85: 基隆市 | AD85: 0.21645824 | AE85: 1.7654628 | AF85: 1.9819211 | AI85: 基隆市 | AJ85: 0.21645824 | AK85: 1.7654628 | AL85: 1.9819211 | AO85: 基隆市 | AP85: 0 | AS85: 基隆市 | AT85: 0 | AW85: 基隆市 | AX85: 0
E86: 新竹市 | F86: 0.16135526 | G86: 1.9142781 | H86: 2.0756333 | K86: 新竹市 | L86: 0.0039917191 | M86: -0.016471174 | N86: -0.012479454 | Q86: 新竹市 | R86: 0.15736354 | S86: 1.9307492 | T86: 2.0881128 | W86: 新竹市 | X86: -0.0096910389 | Y86: 0.013929746 | Z86: 0.0042387071 | AC86: 新竹市 | AD86: 0.16705458 | AE86: 1.9168195 | AF86: 2.0838741 | AI86: 新竹市 | AJ86: 0.16705458 | AK86: 1.9168195 | AL86: 2.0838741 | AO86: 新竹市 | AP86: 0 | AS86: 新竹市 | AT86: 0 | AW86: 新竹市 | AX86: 0
E87: 新竹縣 | F87: 0.16580775 | G87: 1.8268779 | H87: 1.9926857 | K87: 新竹縣 | L87: 0.014385852 | M87: 0.015606728 | N87: 0.029992579 | Q87: 新竹縣 | R87: 0.1514219 | S87: 1.8112712 | T87: 1.9626931 | W87: 新竹縣 | X87: -0.011727195 | Y87: 0.011965839 | Z87: 0.00023864373 | AC87: 新竹縣 | AD87: 0.16314909 | AE87: 1.7993053 | AF87: 1.9624544 | AI87: 新竹縣 | AJ87: 0.16314909 | AK87: 1.7993053 | AL87: 1.9624544 | AO87: 新竹縣 | AP87: 0 | AS87: 新竹縣 | AT87: 0 | AW87: 新竹縣 | AX87: 0
E88: 宜蘭縣 | F88: 0.29882767 | G88: 1.8011703 | H88: 2.0999979 | K88: 宜蘭縣 | L88: 0.0079121708 | M88: 0.032330822 | N88: 0.040242993 | Q88: 宜蘭縣 | R88: 0.2909155 | S88: 1.7688394 | T88: 2.0597549 | W88: 宜蘭縣 | X88: -0.011159549 | Y88: -0.0085830131 | Z88: -0.019742562 | AC88: 宜蘭縣 | AD88: 0.30207504 | AE88: 1.7774225 | AF88: 2.0794975 | AI88: 宜蘭縣 | AJ88: 0.30207504 | AK88: 1.7774225 | AL88: 2.0794975 | AO88: 宜蘭縣 | AP88: 0 | AS88: 宜蘭縣 | AT88: 0 | AW88: 宜蘭縣 | AX88: 0
E89: 苗栗縣 | F89: 0.18344252 | G89: 1.5375246 | H89: 1.7209671 | K89: 苗栗縣 | L89: 0.0080890036 | M89: 0.049847911 | N89: 0.057936914 | Q89: 苗栗縣 | R89: 0.17535352 | S89: 1.4876766 | T89: 1.6630302 | W89: 苗栗縣 | X89: -0.0039797932 | Y89: 0.0017828974 | Z89: -0.0021968958 | AC89: 苗栗縣 | AD89: 0.17933331 | AE89: 1.4858937 | AF89: 1.6652271 | AI89: 苗栗縣 | AJ89: 0.17933331 | AK89: 1.4858937 | AL89: 1.6652271 | AO89: 苗栗縣 | AP89: 0 | AS89: 苗栗縣 | AT89: 0 | AW89: 苗栗縣 | AX89: 0
E90: 彰化縣 | F90: 0.3211631 | G90: 2.9467736 | H90: 3.2679367 | K90: 彰化縣 | L90: 0.023105628 | M90: 0.096720029 | N90: 0.11982566 | Q90: 彰化縣 | R90: 0.29805747 | S90: 2.8500536 | T90: 3.1481111 | W90: 彰化縣 | X90: -0.020581704 | Y90: -0.049793879 | Z90: -0.070375582 | AC90: 彰化縣 | AD90: 0.31863918 | AE90: 2.8998475 | AF90: 3.2184867 | AI90: 彰化縣 | AJ90: 0.31863918 | AK90: 2.8998475 | AL90: 3.2184867 | AO90: 彰化縣 | AP90: 0 | AS90: 彰化縣 | AT90: 0 | AW90: 彰化縣 | AX90: 0
... E101: 總計 | F101: 8.8219416 | G101: 91.178058 | H101: 100 | K101: 總計 | L101: 0.46572446 | M101: -0.46572446 | N101: 0 | Q101: 總計 | R101: 8.3562172 | S101: 91.643783 | T101: 100 | W101: 總計 | X101: -0.31990757 | Y101: 0.31990757 | Z101: 0 | AC101: 總計 | AD101: 8.6761247 | AE101: 91.323875 | AF101: 100 | AI101: 總計 | AJ101: 8.6761247 | AK101: 91.323875 | AL101: 100 | AO101: 總計 | AP101: 0 | AS101: 總計 | AT101: 0 | AW101: 總計 | AX101: 0

Sheet 表 1‑2
A1: 🏠
A2: ⬅ | B2: 人員 | C2: 到此一遊 | E2: 2024年 | F2: 全國住宅使用現況－按建物總樓層分 | K2: YOY | L2: 全國住宅使用現況－按建物總樓層分 | Q2: 2023年 | R2: 全國住宅使用現況－按建物總樓層分 | W2: YOY | X2: 全國住宅使用現況－按建物總樓層分 | AC2: 2022年 | AD2: 全國住宅使用現況－按建物總樓層分 | AI2: YOY | AJ2: 全國住宅使用現況－按建物總樓層分 | AO2: 2021年 | AP2: 全國住宅使用現況－按建物總樓層分 | AS2: YOY | AT2: 全國住宅使用現況－按建物總樓層分 | AW2: 2020年 | AX2: 全國住宅使用現況－按建物總樓層分
A3: ➡ | B3: 宥婕 | C3: ➖ | F3: 低度用電 | G3: 非低度用電 | H3: 資料缺失 | I3: 總計 | L3: 低度用電 | M3: 非低度用電 | N3: 資料缺失 | O3: 總計 | R3: 低度用電 | S3: 非低度用電 | T3: 資料缺失 | U3: 總計 | X3: 低度用電 | Y3: 非低度用電 | Z3: 資料缺失 | AA3: 總計 | AD3: 低度用電 | AE3: 非低度用電 | AF3: 資料缺失 | AG3: 總計 | AJ3: 低度用電 | AK3: 非低度用電 | AL3: 資料缺失 | AM3: 總計 | AP3: 資料缺失 | AQ3: 總計 | AT3: 資料缺失 | AU3: 總計 | AX3: 資料缺失 | AY3: 總計
B4: 瀚平 | C4: ➖ | E4: 1~5樓 | F4: 347187 | G4: 3503795 | H4: 1578523 | I4: 5429505 | K4: 1~5樓 | L4: 21851 | M4: 85205 | N4: -63297 | O4: 43759 | Q4: 1~5樓 | R4: 325336 | S4: 3418590 | T4: 1641820 | U4: 5385746 | W4: 1~5樓 | X4: -5588 | Y4: 14681 | Z4: 47145 | AA4: 56238 | AC4: 1~5樓 | AD4: 330924 | AE4: 3403909 | AF4: 1594675 | AG4: 5329508 | AI4: 1~5樓 | AJ4: 330924 | AK4: 3403909 | AL4: -3690819 | AM4: 44014 | AO4: 1~5樓 | AP4: 5285494 | AQ4: 5285494 | AS4: 1~5樓 | AT4: 98818 | AU4: 98818 | AW4: 1~5樓 | AX4: 5186676 | AY4: 5186676
B5: 賀翔 | C5: ➖ | E5: 6~10樓 | F5: 79474 | G5: 875092 | H5: 305756 | I5: 1260322 | K5: 6~10樓 | L5: 3864 | M5: -2545 | N5: 14988 | O5: 16307 | Q5: 6~10樓 | R5: 75610 | S5: 877637 | T5: 290768 | U5: 1244015 | W5: 6~10樓 | X5: 833 | Y5: 25269 | Z5: -9755 | AA5: 16347 | AC5: 6~10樓 | AD5: 74777 | AE5: 852368 | AF5: 300523 | AG5: 1227668 | AI5: 6~10樓 | AJ5: 74777 | AK5: 852368 | AL5: -914114 | AM5: 13031 | AO5: 6~10樓 | AP5: 1214637 | AQ5: 1214637 | AS5: 6~10樓 | AT5: 64393 | AU5: 64393 | AW5: 6~10樓 | AX5: 1150244 | AY5: 1150244
B6: 尚書 | C6: ➖ | E6: 11~15樓 | F6: 113447 | G6: 1264534 | H6: 270117 | I6: 1648098 | K6: 11~15樓 | L6: 13113 | M6: 30841 | N6: 11778 | O6: 55732 | Q6: 11~15樓 | R6: 100334 | S6: 1233693 | T6: 258339 | U6: 1592366 | W6: 11~15樓 | X6: -4631 | Y6: 47694 | Z6: 5597 | AA6: 48660 | AC6: 11~15樓 | AD6: 104965 | AE6: 1185999 | AF6: 252742 | AG6: 1543706 | AI6: 11~15樓 | AJ6: 104965 | AK6: 1185999 | AL6: -1241777 | AM6: 49187 | AO6: 11~15樓 | AP6: 1494519 | AQ6: 1494519 | AS6: 11~15樓 | AT6: 75981 | AU6: 75981 | AW6: 11~15樓 | AX6: 1418538 | AY6: 1418538
B7: 文琪 | C7: ➖ | E7: 16~20樓 | F7: 27347 | G7: 298283 | H7: 62241 | I7: 387871 | K7: 16~20樓 | L7: 2384 | M7: 7563 | N7: -96 | O7: 9851 | Q7: 16~20樓 | R7: 24963 | S7: 290720 | T7: 62337 | U7: 378020 | W7: 16~20樓 | X7: -908 | Y7: 7748 | Z7: 2970 | AA7: 9810 | AC7: 16~20樓 | AD7: 25871 | AE7: 282972 | AF7: 59367 | AG7: 368210 | AI7: 16~20樓 | AJ7: 25871 | AK7: 282972 | AL7: -302196 | AM7: 6647 | AO7: 16~20樓 | AP7: 361563 | AQ7: 361563 | AS7: 16~20樓 | AT7: 14213 | AU7: 14213 | AW7: 16~20樓 | AX7: 347350 | AY7: 347350
B8: 育誠 | C8: ➖ | E8: 21樓以上 | F8: 35754 | G8: 296675 | H8: 59018 | I8: 391447 | K8: 21樓以上 | L8: 6113 | M8: 16878 | N8: 327 | O8: 23318 | Q8: 21樓以上 | R8: 29641 | S8: 279797 | T8: 58691 | U8: 368129 | W8: 21樓以上 | X8: -2482 | Y8: 13280 | Z8: 7086 | AA8: 17884 | AC8: 21樓以上 | AD8: 32123 | AE8: 266517 | AF8: 51605 | AG8: 350245 | AI8: 21樓以上 | AJ8: 32123 | AK8: 266517 | AL8: -285792 | AM8: 12848 | AO8: 21樓以上 | AP8: 337397 | AQ8: 337397 | AS8: 21樓以上 | AT8: 21756 | AU8: 21756 | AW8: 21樓以上 | AX8: 315641 | AY8: 315641
B9: 會議 | C9: ➖ | E9: 不明 | F9: 1103 | G9: 7411 | H9: 8185 | I9: 16699 | K9: 不明 | L9: 60 | M9: -47 | N9: -100 | O9: -87 | Q9: 不明 | R9: 1043 | S9: 7458 | T9: 8285 | U9: 16786 | W9: 不明 | X9: -1228 | Y9: -10330 | Z9: -5923 | AA9: -17481 | AC9: 不明 | AD9: 2271 | AE9: 17788 | AF9: 14208 | AG9: 34267 | AI9: 不明 | AJ9: 2271 | AK9: 17788 | AL9: -17968 | AM9: 2091 | AO9: 不明 | AP9: 32176 | AQ9: 32176 | AS9: 不明 | AT9: 3028 | AU9: 3028 | AW9: 不明 | AX9: 29148 | AY9: 29148
E10: 總計 | F10: 604312 | G10: 6245790 | H10: 2283840 | I10: 9133942 | K10: 總計 | L10: 47385 | M10: 137895 | N10: -36400 | O10: 148880 | Q10: 總計 | R10: 556927 | S10: 6107895 | T10: 2320240 | U10: 8985062 | W10: 總計 | X10: -14004 | Y10: 98342 | Z10: 47120 | AA10: 131458 | AC10: 總計 | AD10: 570931 | AE10: 6009553 | AF10: 2273120 | AG10: 8853604 | AI10: 總計 | AJ10: 570931 | AK10: 6009553 | AL10: -6452666 | AM10: 127818 | AO10: 總計 | AP10: 8725786 | AQ10: 8725786 | AS10: 總計 | AT10: 278189 | AU10: 278189 | AW10: 總計 | AX10: 8447597 | AY10: 8447597
F12: 低度用電 | G12: 非低度用電 | H12: 總計 | L12: 低度用電 | M12: 非低度用電 | N12: 總計 | R12: 低度用電 | S12: 非低度用電 | T12: 總計 | X12: 低度用電 | Y12: 非低度用電 | Z12: 總計 | AD12: 低度用電 | AE12: 非低度用電 | AF12: 總計 | AJ12: 低度用電 | AK12: 非低度用電 | AL12: 總計 | AP12: 總計 | AT12: 總計 | AX12: 總計
E13: 1~5樓 | F13: 9.0155446 | G13: 90.984455 | H13: 100 | K13: 1~5樓 | L13: 0.32584294 | M13: -0.32584294 | N13: 0 | Q13: 1~5樓 | R13: 8.6897017 | S13: 91.310298 | T13: 100 | W13: 1~5樓 | X13: -0.17077483 | Y13: 0.17077483 | Z13: 0 | AC13: 1~5樓 | AD13: 8.8604765 | AE13: 91.139524 | AF13: 100 | AI13: 1~5樓 | AJ13: 8.8604765 | AK13: 91.139524 | AL13: 100 | AO13: 1~5樓 | AP13: 0 | AS13: 1~5樓 | AT13: 0 | AW13: 1~5樓 | AX13: 0
E14: 6~10樓 | F14: 8.3256684 | G14: 91.674332 | H14: 100 | K14: 6~10樓 | L14: 0.39383124 | M14: -0.39383124 | N14: 0 | Q14: 6~10樓 | R14: 7.9318372 | S14: 92.068163 | T14: 100 | W14: 6~10樓 | X14: -0.13346005 | Y14: 0.13346005 | Z14: 0 | AC14: 6~10樓 | AD14: 8.0652972 | AE14: 91.934703 | AF14: 100 | AI14: 6~10樓 | AJ14: 8.0652972 | AK14: 91.934703 | AL14: 100 | AO14: 6~10樓 | AP14: 0 | AS14: 6~10樓 | AT14: 0 | AW14: 6~10樓 | AX14: 0
E15: 11~15樓 | F15: 8.2328421 | G15: 91.767158 | H15: 100 | K15: 11~15樓 | L15: 0.71170498 | M15: -0.71170498 | N15: 0 | Q15: 11~15樓 | R15: 7.5211371 | S15: 92.478863 | T15: 100 | W15: 11~15樓 | X15: -0.60960858 | Y15: 0.60960858 | Z15: 0 | AC15: 11~15樓 | AD15: 8.1307457 | AE15: 91.869254 | AF15: 100 | AI15: 11~15樓 | AJ15: 8.1307457 | AK15: 91.869254 | AL15: 100 | AO15: 11~15樓 | AP15: 0 | AS15: 11~15樓 | AT15: 0 | AW15: 11~15樓 | AX15: 0
E16: 16~20樓 | F16: 8.398182 | G16: 91.601818 | H16: 100 | K16: 16~20樓 | L16: 0.4905658 | M16: -0.4905658 | N16: 0 | Q16: 16~20樓 | R16: 7.9076162 | S16: 92.092384 | T16: 100 | W16: 16~20樓 | X16: -0.46913187 | Y16: 0.46913187 | Z16: 0 | AC16: 16~20樓 | AD16: 8.3767481 | AE16: 91.623252 | AF16: 100 | AI16: 16~20樓 | AJ16: 8.3767481 | AK16: 91.623252 | AL16: 100 | AO16: 16~20樓 | AP16: 0 | AS16: 16~20樓 | AT16: 0 | AW16: 16~20樓 | AX16: 0
E17: 21樓以上 | F17: 10.755379 | G17: 89.244621 | H17: 100 | K17: 21樓以上 | L17: 1.1764007 | M17: -1.1764007 | N17: 0 | Q17: 21樓以上 | R17: 9.5789787 | S17: 90.421021 | T17: 100 | W17: 21樓以上 | X17: -1.1774505 | Y17: 1.1774505 | Z17: 0 | AC17: 21樓以上 | AD17: 10.756429 | AE17: 89.243571 | AF17: 100 | AI17: 21樓以上 | AJ17: 10.756429 | AK17: 89.243571 | AL17: 100 | AO17: 21樓以上 | AP17: 0 | AS17: 21樓以上 | AT17: 0 | AW17: 21樓以上 | AX17: 0
E18: 總計 | F18: 8.8167981 | G18: 91.183202 | H18: 100 | K18: 總計 | L18: 0.46557825 | M18: -0.46557825 | N18: 0 | Q18: 總計 | R18: 8.3512198 | S18: 91.64878 | T18: 100 | W18: 總計 | X18: -0.31681615 | Y18: 0.31681615 | Z18: 0 | AC18: 總計 | AD18: 8.668036 | AE18: 91.331964 | AF18: 100 | AI18: 總計 | AJ18: 8.668036 | AK18: 91.331964 | AL18: 100 | AO18: 總計 | AP18: 0 | AS18: 總計 | AT18: 0 | AW18: 總計 | AX18: 0
F20: 低度用電 | G20: 非低度用電 | H20: 總計 | L20: 低度用電 | M20: 非低度用電 | N20: 總計 | R20: 低度用電 | S20: 非低度用電 | T20: 總計 | X20: 低度用電 | Y20: 非低度用電 | Z20: 總計 | AD20: 低度用電 | AE20: 非低度用電 | AF20: 總計 | AJ20: 低度用電 | AK20: 非低度用電 | AL20: 總計 | AP20: 總計 | AT20: 總計 | AX20: 總計
E21: 1~5樓 | F21: 57.556668 | G21: 56.165151 | H21: 56.287838 | K21: 1~5樓 | L21: -0.96921174 | M21: 0.12670678 | N21: 0.04166281 | Q21: 1~5樓 | R21: 58.52588 | S21: 56.038444 | T21: 56.246176 | W21: 1~5樓 | X21: 0.33223127 | Y21: -0.77134364 | Z21: -0.68356597 | AC21: 1~5樓 | AD21: 58.193648 | AE21: 56.809788 | AF21: 56.929742 | AI21: 1~5樓 | AJ21: 58.193648 | AK21: 56.809788 | AL21: 56.929742 | AO21: 1~5樓 | AP21: 0 | AS21: 1~5樓 | AT21: 0 | AW21: 1~5樓 | AX21: 0
E22: 6~10樓 | F22: 13.175201 | G22: 14.027554 | H22: 13.952404 | K22: 6~10樓 | L22: -0.42655734 | M22: -0.35890689 | N22: -0.3685249 | Q22: 6~10樓 | R22: 13.601759 | S22: 14.386461 | T22: 14.320929 | W22: 6~10樓 | X22: 0.45207342 | Y22: 0.16080312 | Z22: 0.1885366 | AC22: 6~10樓 | AD22: 13.149685 | AE22: 14.225658 | AF22: 14.132392 | AI22: 6~10樓 | AJ22: 13.149685 | AK22: 14.225658 | AL22: 14.132392 | AO22: 6~10樓 | AP22: 0 | AS22: 6~10樓 | AT22: 0 | AW22: 6~10樓 | AX22: 0
E23: 11~15樓 | F23: 18.807246 | G23: 20.270234 | H23: 20.141245 | K23: 11~15樓 | L23: 0.75779675 | M23: 0.047207016 | N23: 0.099738574 | Q23: 11~15樓 | R23: 18.049449 | S23: 20.223027 | T23: 20.041506 | W23: 11~15樓 | X23: -0.40885632 | Y23: 0.42920963 | Z23: 0.36345202 | AC23: 11~15樓 | AD23: 18.458305 | AE23: 19.793817 | AF23: 19.678054 | AI23: 11~15樓 | AJ23: 18.458305 | AK23: 19.793817 | AL23: 19.678054 | AO23: 11~15樓 | AP23: 0 | AS23: 11~15樓 | AT23: 0 | AW23: 11~15樓 | AX23: 0
E24: 16~20樓 | F24: 4.5335862 | G24: 4.7814184 | H24: 4.7595675 | K24: 16~20樓 | L24: 0.042901096 | M24: 0.01585814 | N24: 0.016962704 | Q24: 16~20樓 | R24: 4.4906851 | S24: 4.7655602 | T24: 4.7426048 | W24: 16~20樓 | X24: -0.058782061 | Y24: 0.042878357 | Z24: 0.034937244 | AC24: 16~20樓 | AD24: 4.5494672 | AE24: 4.7226819 | AF24: 4.7076676 | AI24: 16~20樓 | AJ24: 4.5494672 | AK24: 4.7226819 | AL24: 4.7076676 | AO24: 16~20樓 | AP24: 0 | AS24: 16~20樓 | AT24: 0 | AW24: 16~20樓 | AX24: 0
E25: 21樓以上 | F25: 5.9272988 | G25: 4.7556425 | H25: 4.858945 | K25: 21樓以上 | L25: 0.59507124 | M25: 0.16913496 | N25: 0.21016081 | Q25: 21樓以上 | R25: 5.3322276 | S25: 4.5865075 | T25: 4.6487842 | W25: 21樓以上 | X25: -0.3166663 | Y25: 0.13845254 | Z25: 0.096640109 | AC25: 21樓以上 | AD25: 5.6488939 | AE25: 4.448055 | AF25: 4.5521441 | AI25: 21樓以上 | AJ25: 5.6488939 | AK25: 4.448055 | AL25: 4.5521441 | AO25: 21樓以上 | AP25: 0 | AS25: 21樓以上 | AT25: 0 | AW25: 21樓以上 | AX25: 0
E26: 總計 | F26: 100 | G26: 100 | H26: 100 | K26: 總計 | L26: 0 | M26: 0 | N26: 0 | Q26: 總計 | R26: 100 | S26: 100 | T26: 100 | W26: 總計 | X26: 0 | Y26: 0 | Z26: 0 | AC26: 總計 | AD26: 100 | AE26: 100 | AF26: 100 | AI26: 總計 | AJ26: 100 | AK26: 100 | AL26: 100 | AO26: 總計 | AP26: 0 | AS26: 總計 | AT26: 0 | AW26: 總計 | AX26: 0
F28: 低度用電 | G28: 非低度用電 | H28: 總計 | L28: 低度用電 | M28: 非低度用電 | N28: 總計 | R28: 低度用電 | S28: 非低度用電 | T28: 總計 | X28: 低度用電 | Y28: 非低度用電 | Z28: 總計 | AD28: 低度用電 | AE28: 非低度用電 | AF28: 總計 | AJ28: 低度用電 | AK28: 非低度用電 | AL28: 總計 | AP28: 總計 | AT28: 總計 | AX28: 總計
E29: 1~5樓 | F29: 5.0746552 | G29: 51.213183 | H29: 56.287838 | K29: 1~5樓 | L29: 0.18703032 | M29: -0.14536751 | N29: 0.04166281 | Q29: 1~5樓 | R29: 4.8876249 | S29: 51.358551 | T29: 56.246176 | W29: 1~5樓 | X29: -0.15662151 | Y29: -0.52694446 | Z29: -0.68356597 | AC29: 1~5樓 | AD29: 5.0442464 | AE29: 51.885495 | AF29: 56.929742 | AI29: 1~5樓 | AJ29: 5.0442464 | AK29: 51.885495 | AL29: 56.929742 | AO29: 1~5樓 | AP29: 0 | AS29: 1~5樓 | AT29: 0 | AW29: 1~5樓 | AX29: 0
E30: 6~10樓 | F30: 1.1616309 | G30: 12.790773 | H30: 13.952404 | K30: 6~10樓 | L30: 0.02571813 | M30: -0.39424303 | N30: -0.3685249 | Q30: 6~10樓 | R30: 1.1359128 | S30: 13.185016 | T30: 14.320929 | W30: 6~10樓 | X30: -0.0039066814 | Y30: 0.19244328 | Z30: 0.1885366 | AC30: 6~10樓 | AD30: 1.1398194 | AE30: 12.992573 | AF30: 14.132392 | AI30: 6~10樓 | AJ30: 1.1398194 | AK30: 12.992573 | AL30: 14.132392 | AO30: 6~10樓 | AP30: 0 | AS30: 6~10樓 | AT30: 0 | AW30: 6~10樓 | AX30: 0
E31: 11~15樓 | F31: 1.6581969 | G31: 18.483048 | H31: 20.141245 | K31: 11~15樓 | L31: 0.15084772 | M31: -0.051109144 | N31: 0.099738574 | Q31: 11~15樓 | R31: 1.5073492 | S31: 18.534157 | T31: 20.041506 | W31: 11~15樓 | X31: -0.092623383 | Y31: 0.4560754 | Z31: 0.36345202 | AC31: 11~15樓 | AD31: 1.5999726 | AE31: 18.078082 | AF31: 19.678054 | AI31: 11~15樓 | AJ31: 1.5999726 | AK31: 18.078082 | AL31: 19.678054 | AO31: 11~15樓 | AP31: 0 | AS31: 11~15樓 | AT31: 0 | AW31: 11~15樓 | AX31: 0
E32: 16~20樓 | F32: 0.39971714 | G32: 4.3598504 | H32: 4.7595675 | K32: 16~20樓 | L32: 0.024690156 | M32: -0.0077274517 | N32: 0.016962704 | Q32: 16~20樓 | R32: 0.37502699 | S32: 4.3675778 | T32: 4.7426048 | W32: 16~20樓 | X32: -0.019322466 | Y32: 0.05425971 | Z32: 0.034937244 | AC32: 16~20樓 | AD32: 0.39434945 | AE32: 4.3133181 | AF32: 4.7076676 | AI32: 16~20樓 | AJ32: 0.39434945 | AK32: 4.3133181 | AL32: 4.7076676 | AO32: 16~20樓 | AP32: 0 | AS32: 16~20樓 | AT32: 0 | AW32: 16~20樓 | AX32: 0
E33: 21樓以上 | F33: 0.52259797 | G33: 4.3363471 | H33: 4.858945 | K33: 21樓以上 | L33: 0.077291922 | M33: 0.13286889 | N33: 0.21016081 | Q33: 21樓以上 | R33: 0.44530605 | S33: 4.2034782 | T33: 4.6487842 | W33: 21樓以上 | X33: -0.044342107 | Y33: 0.14098222 | Z33: 0.096640109 | AC33: 21樓以上 | AD33: 0.48964816 | AE33: 4.062496 | AF33: 4.5521441 | AI33: 21樓以上 | AJ33: 0.48964816 | AK33: 4.062496 | AL33: 4.5521441 | AO33: 21樓以上 | AP33: 0 | AS33: 21樓以上 | AT33: 0 | AW33: 21樓以上 | AX33: 0
E34: 總計 | F34: 8.8167981 | G34: 91.183202 | H34: 100 | K34: 總計 | L34: 0.46557825 | M34: -0.46557825 | N34: 0 | Q34: 總計 | R34: 8.3512198 | S34: 91.64878 | T34: 100 | W34: 總計 | X34: -0.31681615 | Y34: 0.31681615 | Z34: 0 | AC34: 總計 | AD34: 8.668036 | AE34: 91.331964 | AF34: 100 | AI34: 總計 | AJ34: 8.668036 | AK34: 91.331964 | AL34: 100 | AO34: 總計 | AP34: 0 | AS34: 總計 | AT34: 0 | AW34: 總計 | AX34: 0

Sheet 表 1‑3
A1: 🏠
A2: ⬅ | B2: 人員 | C2: 到此一遊 | E2: 2024年 | F2: 全國住宅使用現況－按建物屋齡分 | K2: YOY | L2: 全國住宅使用現況－按建物屋齡分 | Q2: 2023年 | R2: 全國住宅使用現況－按建物屋齡分 | W2: YOY | X2: 全國住宅使用現況－按建物屋齡分 | AC2: 2022年 | AD2: 全國住宅使用現況－按建物屋齡分 | AI2: YOY | AJ2: 全國住宅使用現況－按建物屋齡分 | AO2: 2021年 | AP2: 全國住宅使用現況－按建物屋齡分 | AS2: YOY | AT2: 全國住宅使用現況－按建物屋齡分 | AW2: 2020年 | AX2: 全國住宅使用現況－按建物屋齡分
A3: ➡ | B3: 宥婕 | C3: ➖ | F3: 低度用電 | G3: 非低度用電 | H3: 資料缺失 | I3: 總計 | L3: 低度用電 | M3: 非低度用電 | N3: 資料缺失 | O3: 總計 | R3: 低度用電 | S3: 非低度用電 | T3: 資料缺失 | U3: 總計 | X3: 低度用電 | Y3: 非低度用電 | Z3: 資料缺失 | AA3: 總計 | AD3: 低度用電 | AE3: 非低度用電 | AF3: 資料缺失 | AG3: 總計 | AJ3: 低度用電 | AK3: 非低度用電 | AL3: 資料缺失 | AM3: 總計 | AP3: 資料缺失 | AQ3: 總計 | AT3: 資料缺失 | AU3: 總計 | AX3: 資料缺失 | AY3: 總計
B4: 瀚平 | C4: ➖ | E4: 0~4年 | F4: 79748 | G4: 346374 | H4: 132087 | I4: 558209 | K4: 0~4年 | L4: 20490 | M4: 18046 | N4: 2668 | O4: 41204 | Q4: 0~4年 | R4: 59258 | S4: 328328 | T4: 129419 | U4: 517005 | W4: 0~4年 | X4: -11812 | Y4: 8354 | Z4: 31571 | AA4: 28113 | AC4: 0~4年 | AD4: 71070 | AE4: 319974 | AF4: 97848 | AG4: 488892 | AI4: 0~4年 | AJ4: 71070 | AK4: 319974 | AL4: -368779 | AM4: 22265 | AO4: 0~4年 | AP4: 466627 | AQ4: 466627 | AS4: 0~4年 | AT4: 7736 | AU4: 7736 | AW4: 0~4年 | AX4: 458891 | AY4: 458891
B5: 賀翔 | C5: ➖ | E5: 5~9年 | F5: 32846 | G5: 400687 | H5: 113122 | I5: 546655 | K5: 5~9年 | L5: -1338 | M5: 869 | N5: -1016 | O5: -1485 | Q5: 5~9年 | R5: 34184 | S5: 399818 | T5: 114138 | U5: 548140 | W5: 5~9年 | X5: -997 | Y5: 15545 | Z5: -4366 | AA5: 10182 | AC5: 5~9年 | AD5: 35181 | AE5: 384273 | AF5: 118504 | AG5: 537958 | AI5: 5~9年 | AJ5: 35181 | AK5: 384273 | AL5: -414287 | AM5: 5167 | AO5: 5~9年 | AP5: 532791 | AQ5: 532791 | AS5: 5~9年 | AT5: 32154 | AU5: 32154 | AW5: 5~9年 | AX5: 500637 | AY5: 500637
B6: 尚書 | C6: ➖ | E6: 10~19年 | F6: 52054 | G6: 799000 | H6: 322678 | I6: 1173732 | K6: 10~19年 | L6: -243 | M6: -5845 | N6: -8977 | O6: -15065 | Q6: 10~19年 | R6: 52297 | S6: 804845 | T6: 331655 | U6: 1188797 | W6: 10~19年 | X6: 1011 | Y6: 24016 | Z6: -19655 | AA6: 5372 | AC6: 10~19年 | AD6: 51286 | AE6: 780829 | AF6: 351310 | AG6: 1183425 | AI6: 10~19年 | AJ6: 51286 | AK6: 780829 | AL6: -814678 | AM6: 17437 | AO6: 10~19年 | AP6: 1165988 | AQ6: 1165988 | AS6: 10~19年 | AT6: 29455 | AU6: 29455 | AW6: 10~19年 | AX6: 1136533 | AY6: 1136533
B7: 文琪 | C7: ➖ | E7: 20~29年 | F7: 103223 | G7: 1258866 | H7: 485115 | I7: 1847204 | K7: 20~29年 | L7: -16699 | M7: -214800 | N7: -59457 | O7: -290956 | Q7: 20~29年 | R7: 119922 | S7: 1473666 | T7: 544572 | U7: 2138160 | W7: 20~29年 | X7: -16465 | Y7: -138262 | Z7: -66044 | AA7: -220771 | AC7: 20~29年 | AD7: 136387 | AE7: 1611928 | AF7: 610616 | AG7: 2358931 | AI7: 20~29年 | AJ7: 136387 | AK7: 1611928 | AL7: -1872184 | AM7: -123869 | AO7: 20~29年 | AP7: 2482800 | AQ7: 2482800 | AS7: 20~29年 | AT7: 13239 | AU7: 13239 | AW7: 20~29年 | AX7: 2469561 | AY7: 2469561
B8: 育誠 | C8: ➖ | E8: 30~39年 | F8: 112022 | G8: 1346948 | H8: 513266 | I8: 1972236 | K8: 30~39年 | L8: 21938 | M8: 189737 | N8: 28993 | O8: 240668 | Q8: 30~39年 | R8: 90084 | S8: 1157211 | T8: 484273 | U8: 1731568 | W8: 30~39年 | X8: 5193 | Y8: 82299 | Z8: 43777 | AA8: 131269 | AC8: 30~39年 | AD8: 84891 | AE8: 1074912 | AF8: 440496 | AG8: 1600299 | AI8: 30~39年 | AJ8: 84891 | AK8: 1074912 | AL8: -1135406 | AM8: 24397 | AO8: 30~39年 | AP8: 1575902 | AQ8: 1575902 | AS8: 30~39年 | AT8: -153963 | AU8: -153963 | AW8: 30~39年 | AX8: 1729865 | AY8: 1729865
B9: 會議 | C9: ➖ | E9: 40~49年 | F9: 150563 | G9: 1484260 | H9: 447881 | I9: 2082704 | K9: 40~49年 | L9: 11399 | M9: 70283 | N9: -891 | O9: 80791 | Q9: 40~49年 | R9: 139164 | S9: 1413977 | T9: 448772 | U9: 2001913 | W9: 40~49年 | X9: 3921 | Y9: 59948 | Z9: 35425 | AA9: 99294 | AC9: 40~49年 | AD9: 135243 | AE9: 1354029 | AF9: 413347 | AG9: 1902619 | AI9: 40~49年 | AJ9: 135243 | AK9: 1354029 | AL9: -1337732 | AM9: 151540 | AO9: 40~49年 | AP9: 1751079 | AQ9: 1751079 | AS9: 40~49年 | AT9: 321201 | AU9: 321201 | AW9: 40~49年 | AX9: 1429878 | AY9: 1429878
E10: 50年以上 | F10: 52580 | G10: 413070 | H10: 165856 | I10: 631506 | K10: 50年以上 | L10: 10966 | M10: 84331 | N10: 14210 | O10: 109507 | Q10: 50年以上 | R10: 41614 | S10: 328739 | T10: 151646 | U10: 521999 | W10: 50年以上 | X10: 7142 | Y10: 68735 | Z10: 29902 | AA10: 105779 | AC10: 50年以上 | AD10: 34472 | AE10: 260004 | AF10: 121744 | AG10: 416220 | AI10: 50年以上 | AJ10: 34472 | AK10: 260004 | AL10: -215574 | AM10: 78902 | AO10: 50年以上 | AP10: 337318 | AQ10: 337318 | AS10: 50年以上 | AT10: 65092 | AU10: 65092 | AW10: 50年以上 | AX10: 272226 | AY10: 272226
E11: 資料缺失 | F11: 21276 | G11: 196585 | H11: 103835 | I11: 321696 | K11: 資料缺失 | L11: 872 | M11: -4726 | N11: -11930 | O11: -15784 | Q11: 資料缺失 | R11: 20404 | S11: 201311 | T11: 115765 | U11: 337480 | W11: 資料缺失 | X11: -1997 | Y11: -22293 | Z11: -3490 | AA11: -27780 | AC11: 資料缺失 | AD11: 22401 | AE11: 223604 | AF11: 119255 | AG11: 365260 | AI11: 資料缺失 | AJ11: 22401 | AK11: 223604 | AL11: -294026 | AM11: -48021 | AO11: 資料缺失 | AP11: 413281 | AQ11: 413281 | AS11: 資料缺失 | AT11: -36725 | AU11: -36725 | AW11: 資料缺失 | AX11: 450006 | AY11: 450006
E12: 總計 | F12: 604312 | G12: 6245790 | H12: 2283840 | I12: 9133942 | K12: 總計 | L12: 47385 | M12: 137895 | N12: -36400 | O12: 148880 | Q12: 總計 | R12: 556927 | S12: 6107895 | T12: 2320240 | U12: 8985062 | W12: 總計 | X12: -14004 | Y12: 98342 | Z12: 47120 | AA12: 131458 | AC12: 總計 | AD12: 570931 | AE12: 6009553 | AF12: 2273120 | AG12: 8853604 | AI12: 總計 | AJ12: 570931 | AK12: 6009553 | AL12: -6452666 | AM12: 127818 | AO12: 總計 | AP12: 8725786 | AQ12: 8725786 | AS12: 總計 | AT12: 278189 | AU12: 278189 | AW12: 總計 | AX12: 8447597 | AY12: 8447597
F14: 低度用電 | G14: 非低度用電 | H14: 總計 | L14: 低度用電 | M14: 非低度用電 | N14: 總計 | R14: 低度用電 | S14: 非低度用電 | T14: 總計 | X14: 低度用電 | Y14: 非低度用電 | Z14: 總計 | AD14: 低度用電 | AE14: 非低度用電 | AF14: 總計 | AJ14: 低度用電 | AK14: 非低度用電 | AL14: 總計 | AP14: 總計 | AT14: 總計 | AX14: 總計
E15: 0~4年 | F15: 18.714828 | G15: 81.285172 | H15: 100 | K15: 0~4年 | L15: 3.4258342 | M15: -3.4258342 | N15: 0 | Q15: 0~4年 | R15: 15.288994 | S15: 84.711006 | T15: 100 | W15: 0~4年 | X15: -2.8854315 | Y15: 2.8854315 | Z15: 0 | AC15: 0~4年 | AD15: 18.174425 | AE15: 81.825575 | AF15: 100 | AI15: 0~4年 | AJ15: 18.174425 | AK15: 81.825575 | AL15: 100 | AO15: 0~4年 | AP15: 0 | AS15: 0~4年 | AT15: 0 | AW15: 0~4年 | AX15: 0
E16: 5~9年 | F16: 7.5763552 | G16: 92.423645 | H16: 100 | K16: 5~9年 | L16: -0.3001062 | M16: 0.3001062 | N16: 0 | Q16: 5~9年 | R16: 7.8764614 | S16: 92.123539 | T16: 100 | W16: 5~9年 | X16: -0.5108707 | Y16: 0.5108707 | Z16: 0 | AC16: 5~9年 | AD16: 8.3873321 | AE16: 91.612668 | AF16: 100 | AI16: 5~9年 | AJ16: 8.3873321 | AK16: 91.612668 | AL16: 100 | AO16: 5~9年 | AP16: 0 | AS16: 5~9年 | AT16: 0 | AW16: 5~9年 | AX16: 0
E17: 10~19年 | F17: 6.1164156 | G17: 93.883584 | H17: 100 | K17: 10~19年 | L17: 0.015092877 | M17: -0.015092877 | N17: 0 | Q17: 10~19年 | R17: 6.1013228 | S17: 93.898677 | T17: 100 | W17: 10~19年 | X17: -0.062008022 | Y17: 0.062008022 | Z17: 0 | AC17: 10~19年 | AD17: 6.1633308 | AE17: 93.836669 | AF17: 100 | AI17: 10~19年 | AJ17: 6.1633308 | AK17: 93.836669 | AL17: 100 | AO17: 10~19年 | AP17: 0 | AS17: 10~19年 | AT17: 0 | AW17: 10~19年 | AX17: 0
E18: 20~29年 | F18: 7.578286 | G18: 92.421714 | H18: 100 | K18: 20~29年 | L18: 0.053003431 | M18: -0.053003431 | N18: 0 | Q18: 20~29年 | R18: 7.5252826 | S18: 92.474717 | T18: 100 | W18: 20~29年 | X18: -0.27577159 | Y18: 0.27577159 | Z18: 0 | AC18: 20~29年 | AD18: 7.8010542 | AE18: 92.198946 | AF18: 100 | AI18: 20~29年 | AJ18: 7.8010542 | AK18: 92.198946 | AL18: 100 | AO18: 20~29年 | AP18: 0 | AS18: 20~29年 | AT18: 0 | AW18: 20~29年 | AX18: 0
E19: 30~39年 | F19: 7.6781565 | G19: 92.321843 | H19: 100 | K19: 30~39年 | L19: 0.45580734 | M19: -0.45580734 | N19: 0 | Q19: 30~39年 | R19: 7.2223492 | S19: 92.777651 | T19: 100 | W19: 30~39年 | X19: -0.097083533 | Y19: 0.097083533 | Z19: 0 | AC19: 30~39年 | AD19: 7.3194327 | AE19: 92.680567 | AF19: 100 | AI19: 30~39年 | AJ19: 7.3194327 | AK19: 92.680567 | AL19: 100 | AO19: 30~39年 | AP19: 0 | AS19: 30~39年 | AT19: 0 | AW19: 30~39年 | AX19: 0
E20: 40~49年 | F20: 9.2097432 | G20: 90.790257 | H20: 100 | K20: 40~49年 | L20: 0.24957796 | M20: -0.24957796 | N20: 0 | Q20: 40~49年 | R20: 8.9601652 | S20: 91.039835 | T20: 100 | W20: 40~49年 | X20: -0.12098313 | Y20: 0.12098313 | Z20: 0 | AC20: 40~49年 | AD20: 9.0811484 | AE20: 90.918852 | AF20: 100 | AI20: 40~49年 | AJ20: 9.0811484 | AK20: 90.918852 | AL20: 100 | AO20: 40~49年 | AP20: 0 | AS20: 40~49年 | AT20: 0 | AW20: 40~49年 | AX20: 0
E21: 50年以上 | F21: 11.291743 | G21: 88.708257 | H21: 100 | K21: 50年以上 | L21: 0.055435742 | M21: -0.055435742 | N21: 0 | Q21: 50年以上 | R21: 11.236307 | S21: 88.763693 | T21: 100 | W21: 50年以上 | X21: -0.46991016 | Y21: 0.46991016 | Z21: 0 | AC21: 50年以上 | AD21: 11.706217 | AE21: 88.293783 | AF21: 100 | AI21: 50年以上 | AJ21: 11.706217 | AK21: 88.293783 | AL21: 100 | AO21: 50年以上 | AP21: 0 | AS21: 50年以上 | AT21: 0 | AW21: 50年以上 | AX21: 0
E22: 總計 | F22: 8.7909351 | G22: 91.209065 | H22: 100 | K22: 總計 | L22: 0.46385002 | M22: -0.46385002 | N22: 0 | Q22: 總計 | R22: 8.3270851 | S22: 91.672915 | T22: 100 | W22: 總計 | X22: -0.3323485 | Y22: 0.3323485 | Z22: 0 | AC22: 總計 | AD22: 8.6594336 | AE22: 91.340566 | AF22: 100 | AI22: 總計 | AJ22: 8.6594336 | AK22: 91.340566 | AL22: 100 | AO22: 總計 | AP22: 0 | AS22: 總計 | AT22: 0 | AW22: 總計 | AX22: 0
F24: 低度用電 | G24: 非低度用電 | H24: 總計 | L24: 低度用電 | M24: 非低度用電 | N24: 總計 | R24: 低度用電 | S24: 非低度用電 | T24: 總計 | X24: 低度用電 | Y24: 非低度用電 | Z24: 總計 | AD24: 低度用電 | AE24: 非低度用電 | AF24: 總計 | AJ24: 低度用電 | AK24: 非低度用電 | AL24: 總計 | AP24: 總計 | AT24: 總計 | AX24: 總計
E25: 0~4年 | F25: 13.678058 | G25: 5.7259425 | H25: 6.4250078 | K25: 0~4年 | L25: 2.6332375 | M25: 0.16726425 | N25: 0.40949383 | Q25: 0~4年 | R25: 11.04482 | S25: 5.5586782 | T25: 6.0155139 | W25: 0~4年 | X25: -1.9116272 | Y25: 0.028487781 | Z25: -0.15774829 | AC25: 0~4年 | AD25: 12.956447 | AE25: 5.5301905 | AF25: 6.1732622 | AI25: 0~4年 | AJ25: 12.956447 | AK25: 5.5301905 | AL25: 6.1732622 | AO25: 0~4年 | AP25: 0 | AS25: 0~4年 | AT25: 0 | AW25: 0~4年 | AX25: 0
E26: 5~9年 | F26: 5.6336144 | G26: 6.623796 | H26: 6.5367498 | K26: 5~9年 | L26: -0.73778068 | M26: -0.14522648 | N26: -0.19916193 | Q26: 5~9年 | R26: 6.3713951 | S26: 6.7690225 | T26: 6.7359117 | W26: 5~9年 | X26: -0.042292417 | Y26: 0.12753638 | Z26: 0.11415167 | AC26: 5~9年 | AD26: 6.4136875 | AE26: 6.6414861 | AF26: 6.6217601 | AI26: 5~9年 | AJ26: 6.4136875 | AK26: 6.6414861 | AL26: 6.6217601 | AO26: 5~9年 | AP26: 0 | AS26: 5~9年 | AT26: 0 | AW26: 5~9年 | AX26: 0
E27: 10~19年 | F27: 8.9280936 | G27: 13.208347 | H27: 12.832073 | K27: 10~19年 | L27: -0.81929837 | M27: -0.41788751 | N27: -0.47116729 | Q27: 10~19年 | R27: 9.747392 | S27: 13.626235 | T27: 13.30324 | W27: 10~19年 | X27: 0.39767549 | Y27: 0.13097232 | Z27: 0.16695858 | AC27: 10~19年 | AD27: 9.3497165 | AE27: 13.495262 | AF27: 13.136282 | AI27: 10~19年 | AJ27: 9.3497165 | AK27: 13.495262 | AL27: 13.136282 | AO27: 10~19年 | AP27: 0 | AS27: 10~19年 | AT27: 0 | AW27: 10~19年 | AX27: 0
E28: 20~29年 | F28: 17.704396 | G28: 20.810437 | H28: 20.537387 | K28: 20~29年 | L28: -4.6473023 | M28: -4.1391108 | N28: -4.1958357 | Q28: 20~29年 | R28: 22.351698 | S28: 24.949548 | T28: 24.733223 | W28: 20~29年 | X28: -2.5123934 | Y28: -2.9098059 | Z28: -2.8667583 | AC28: 20~29年 | AD28: 24.864091 | AE28: 27.859354 | AF28: 27.599981 | AI28: 20~29年 | AJ28: 24.864091 | AK28: 27.859354 | AL28: 27.599981 | AO28: 20~29年 | AP28: 0 | AS28: 20~29年 | AT28: 0 | AW28: 20~29年 | AX28: 0
E29: 30~39年 | F29: 19.213565 | G29: 22.266529 | H29: 21.998145 | K29: 30~39年 | L29: 2.4232315 | M29: 2.6746467 | N29: 2.63955 | Q29: 30~39年 | R29: 16.790333 | S29: 19.591883 | T29: 19.358595 | W29: 30~39年 | X29: 1.3142427 | Y29: 1.0139103 | Z29: 1.0492283 | AC29: 30~39年 | AD29: 15.476091 | AE29: 18.577972 | AF29: 18.309367 | AI29: 30~39年 | AJ29: 15.476091 | AK29: 18.577972 | AL29: 18.309367 | AO29: 30~39年 | AP29: 0 | AS29: 30~39年 | AT29: 0 | AW29: 30~39年 | AX29: 0
E30: 40~49年 | F30: 25.823963 | G30: 24.536447 | H30: 24.649632 | K30: 40~49年 | L30: -0.11416097 | M30: 0.59744979 | N30: 0.54416549 | Q30: 40~49年 | R30: 25.938124 | S30: 23.938998 | T30: 24.105467 | W30: 40~49年 | X30: 1.2825899 | Y30: 0.53697657 | Z30: 0.59489839 | AC30: 40~49年 | AD30: 24.655534 | AE30: 23.402021 | AF30: 23.510568 | AI30: 40~49年 | AJ30: 24.655534 | AK30: 23.402021 | AL30: 23.510568 | AO30: 40~49年 | AP30: 0 | AS30: 40~49年 | AT30: 0 | AW30: 40~49年 | AX30: 0
E31: 50年以上 | F31: 9.018311 | G31: 6.8285006 | H31: 7.0210054 | K31: 50年以上 | L31: 1.2620732 | M31: 1.262864 | N31: 1.2729556 | Q31: 50年以上 | R31: 7.7562379 | S31: 5.5656366 | T31: 5.7480498 | W31: 50年以上 | X31: 1.4718049 | Y31: 1.0719226 | Z31: 1.0992697 | AC31: 50年以上 | AD31: 6.2844329 | AE31: 4.493714 | AF31: 4.6487801 | AI31: 50年以上 | AJ31: 6.2844329 | AK31: 4.493714 | AL31: 4.6487801 | AO31: 50年以上 | AP31: 0 | AS31: 50年以上 | AT31: 0 | AW31: 50年以上 | AX31: 0
E32: 總計 | F32: 100 | G32: 100 | H32: 100 | K32: 總計 | L32: 0 | M32: 0 | N32: 0 | Q32: 總計 | R32: 100 | S32: 100 | T32: 100 | W32: 總計 | X32: 0 | Y32: 0 | Z32: 0 | AC32: 總計 | AD32: 100 | AE32: 100 | AF32: 100 | AI32: 總計 | AJ32: 100 | AK32: 100 | AL32: 100 | AO32: 總計 | AP32: 0 | AS32: 總計 | AT32: 0 | AW32: 總計 | AX32: 0
F34: 低度用電 | G34: 非低度用電 | H34: 總計 | L34: 低度用電 | M34: 非低度用電 | N34: 總計 | R34: 低度用電 | S34: 非低度用電 | T34: 總計 | X34: 低度用電 | Y34: 非低度用電 | Z34: 總計 | AD34: 低度用電 | AE34: 非低度用電 | AF34: 總計 | AJ34: 低度用電 | AK34: 非低度用電 | AL34: 總計 | AP34: 總計 | AT34: 總計 | AX34: 總計
E35: 0~4年 | F35: 1.2024292 | G35: 5.2225786 | H35: 6.4250078 | K35: 0~4年 | L35: 0.2827176 | M35: 0.12677623 | N35: 0.40949383 | Q35: 0~4年 | R35: 0.91971156 | S35: 5.0958024 | T35: 6.0155139 | W35: 0~4年 | X35: -0.20224338 | Y35: 0.044495085 | Z35: -0.15774829 | AC35: 0~4年 | AD35: 1.1219549 | AE35: 5.0513073 | AF35: 6.1732622 | AI35: 0~4年 | AJ35: 1.1219549 | AK35: 5.0513073 | AL35: 6.1732622 | AO35: 0~4年 | AP35: 0 | AS35: 0~4年 | AT35: 0 | AW35: 0~4年 | AX35: 0
E36: 5~9年 | F36: 0.49524738 | G36: 6.0415024 | H36: 6.5367498 | K36: 5~9年 | L36: -0.035304104 | M36: -0.16385783 | N36: -0.19916193 | Q36: 5~9年 | R36: 0.53055149 | S36: 6.2053602 | T36: 6.7359117 | W36: 5~9年 | X36: -0.02483752 | Y36: 0.13898919 | Z36: 0.11415167 | AC36: 5~9年 | AD36: 0.55538901 | AE36: 6.066371 | AF36: 6.6217601 | AI36: 5~9年 | AJ36: 0.55538901 | AK36: 6.066371 | AL36: 6.6217601 | AO36: 5~9年 | AP36: 0 | AS36: 5~9年 | AT36: 0 | AW36: 5~9年 | AX36: 0
E37: 10~19年 | F37: 0.78486291 | G37: 12.04721 | H37: 12.832073 | K37: 10~19年 | L37: -0.026810708 | M37: -0.44435658 | N37: -0.47116729 | Q37: 10~19年 | R37: 0.81167362 | S37: 12.491567 | T37: 13.30324 | W37: 10~19年 | X37: 0.0020411336 | Y37: 0.16491745 | Z37: 0.16695858 | AC37: 10~19年 | AD37: 0.80963249 | AE37: 12.326649 | AF37: 13.136282 | AI37: 10~19年 | AJ37: 0.80963249 | AK37: 12.326649 | AL37: 13.136282 | AO37: 10~19年 | AP37: 0 | AS37: 10~19年 | AT37: 0 | AW37: 10~19年 | AX37: 0
E38: 20~29年 | F38: 1.5563819 | G38: 18.981005 | H38: 20.537387 | K38: 20~29年 | L38: -0.30486297 | M38: -3.8909727 | N38: -4.1958357 | Q38: 20~29年 | R38: 1.8612449 | S38: 22.871978 | T38: 24.733223 | W38: 20~29年 | X38: -0.29184457 | Y38: -2.5749138 | Z38: -2.8667583 | AC38: 20~29年 | AD38: 2.1530895 | AE38: 25.446892 | AF38: 27.599981 | AI38: 20~29年 | AJ38: 2.1530895 | AK38: 25.446892 | AL38: 27.599981 | AO38: 20~29年 | AP38: 0 | AS38: 20~29年 | AT38: 0 | AW38: 20~29年 | AX38: 0
E39: 30~39年 | F39: 1.689052 | G39: 20.309093 | H39: 21.998145 | K39: 30~39年 | L39: 0.29090668 | M39: 2.3486433 | N39: 2.63955 | Q39: 30~39年 | R39: 1.3981453 | S39: 17.96045 | T39: 19.358595 | W39: 30~39年 | X39: 0.05800355 | Y39: 0.99122473 | Z39: 1.0492283 | AC39: 30~39年 | AD39: 1.3401418 | AE39: 16.969225 | AF39: 18.309367 | AI39: 30~39年 | AJ39: 1.3401418 | AK39: 16.969225 | AL39: 18.309367 | AO39: 30~39年 | AP39: 0 | AS39: 30~39年 | AT39: 0 | AW39: 30~39年 | AX39: 0
E40: 40~49年 | F40: 2.2701678 | G40: 22.379464 | H40: 24.649632 | K40: 40~49年 | L40: 0.11027818 | M40: 0.43388732 | N40: 0.54416549 | Q40: 40~49年 | R40: 2.1598896 | S40: 21.945577 | T40: 24.105467 | W40: 40~49年 | X40: 0.024860057 | Y40: 0.57003834 | Z40: 0.59489839 | AC40: 40~49年 | AD40: 2.1350296 | AE40: 21.375539 | AF40: 23.510568 | AI40: 40~49年 | AJ40: 2.1350296 | AK40: 21.375539 | AL40: 23.510568 | AO40: 40~49年 | AP40: 0 | AS40: 40~49年 | AT40: 0 | AW40: 40~49年 | AX40: 0
E41: 50年以上 | F41: 0.79279387 | G41: 6.2282116 | H41: 7.0210054 | K41: 50年以上 | L41: 0.14692535 | M41: 1.1260303 | N41: 1.2729556 | Q41: 50年以上 | R41: 0.64586852 | S41: 5.1021813 | T41: 5.7480498 | W41: 50年以上 | X41: 0.10167223 | Y41: 0.99759747 | Z41: 1.0992697 | AC41: 50年以上 | AD41: 0.54419629 | AE41: 4.1045838 | AF41: 4.6487801 | AI41: 50年以上 | AJ41: 0.54419629 | AK41: 4.1045838 | AL41: 4.6487801 | AO41: 50年以上 | AP41: 0 | AS41: 50年以上 | AT41: 0 | AW41: 50年以上 | AX41: 0
E42: 總計 | F42: 8.7909351 | G42: 91.209065 | H42: 100 | K42: 總計 | L42: 0.46385002 | M42: -0.46385002 | N42: 0 | Q42: 總計 | R42: 8.3270851 | S42: 91.672915 | T42: 100 | W42: 總計 | X42: -0.3323485 | Y42: 0.3323485 | Z42: 0 | AC42: 總計 | AD42: 8.6594336 | AE42: 91.340566 | AF42: 100 | AI42: 總計 | AJ42: 8.6594336 | AK42: 91.340566 | AL42: 100 | AO42: 總計 | AP42: 0 | AS42: 總計 | AT42: 0 | AW42: 總計 | AX42: 0

Sheet 表 1‑4
A1: 🏠
A2: ⬅ | B2: 人員 | C2: 到此一遊 | E2: 2024年 | F2: 全國住宅使用現況－按建物面積分 | K2: YOY | L2: 全國住宅使用現況－按建物面積分 | Q2: 2023年 | R2: 全國住宅使用現況－按建物面積分 | W2: YOY | X2: 全國住宅使用現況－按建物面積分 | AC2: 2022年 | AD2: 全國住宅使用現況－按建物面積分 | AI2: YOY | AJ2: 全國住宅使用現況－按建物面積分 | AO2: 2021年 | AP2: 全國住宅使用現況－按建物面積分 | AS2: YOY | AT2: 全國住宅使用現況－按建物面積分 | AW2: 2020年 | AX2: 全國住宅使用現況－按建物面積分
A3: ➡ | B3: 宥婕 | C3: ➖ | F3: 低度用電 | G3: 非低度用電 | H3: 資料缺失 | I3: 總計 | L3: 低度用電 | M3: 非低度用電 | N3: 資料缺失 | O3: 總計 | R3: 低度用電 | S3: 非低度用電 | T3: 資料缺失 | U3: 總計 | X3: 低度用電 | Y3: 非低度用電 | Z3: 資料缺失 | AA3: 總計 | AD3: 低度用電 | AE3: 非低度用電 | AF3: 資料缺失 | AG3: 總計 | AJ3: 低度用電 | AK3: 非低度用電 | AL3: 資料缺失 | AM3: 總計 | AP3: 資料缺失 | AQ3: 總計 | AT3: 資料缺失 | AU3: 總計 | AX3: 資料缺失 | AY3: 總計
B4: 瀚平 | C4: ➖ | E4: 0~19坪 | F4: 148756 | G4: 914737 | H4: 389198 | I4: 1452691 | K4: 0~19坪 | L4: 15225 | M4: 34006 | N4: -1066 | O4: 48165 | Q4: 0~19坪 | R4: 133531 | S4: 880731 | T4: 390264 | U4: 1404526 | W4: 0~19坪 | X4: -4133 | Y4: 36324 | Z4: 6336 | AA4: 38527 | AC4: 0~19坪 | AD4: 137664 | AE4: 844407 | AF4: 383928 | AG4: 1365999 | AI4: 0~19坪 | AJ4: 137664 | AK4: 844407 | AL4: -944960 | AM4: 37111 | AO4: 0~19坪 | AP4: 1328888 | AQ4: 1328888 | AS4: 0~19坪 | AT4: 72191 | AU4: 72191 | AW4: 0~19坪 | AX4: 1256697 | AY4: 1256697
B5: 賀翔 | C5: ➖ | E5: 20~29坪 | F5: 195935 | G5: 2215621 | H5: 413033 | I5: 2824589 | K5: 20~29坪 | L5: 19235 | M5: 52690 | N5: -20012 | O5: 51913 | Q5: 20~29坪 | R5: 176700 | S5: 2162931 | T5: 433045 | U5: 2772676 | W5: 20~29坪 | X5: -3571 | Y5: 25075 | Z5: 22531 | AA5: 44035 | AC5: 20~29坪 | AD5: 180271 | AE5: 2137856 | AF5: 410514 | AG5: 2728641 | AI5: 20~29坪 | AJ5: 180271 | AK5: 2137856 | AL5: -2277621 | AM5: 40506 | AO5: 20~29坪 | AP5: 2688135 | AQ5: 2688135 | AS5: 20~29坪 | AT5: 45426 | AU5: 45426 | AW5: 20~29坪 | AX5: 2642709 | AY5: 2642709
B6: 尚書 | C6: ➖ | E6: 30~39坪 | F6: 111996 | G6: 1436731 | H6: 305830 | I6: 1854557 | K6: 30~39坪 | L6: 7469 | M6: 20646 | N6: -16959 | O6: 11156 | Q6: 30~39坪 | R6: 104527 | S6: 1416085 | T6: 322789 | U6: 1843401 | W6: 30~39坪 | X6: -2518 | Y6: 1791 | Z6: 10661 | AA6: 9934 | AC6: 30~39坪 | AD6: 107045 | AE6: 1414294 | AF6: 312128 | AG6: 1833467 | AI6: 30~39坪 | AJ6: 107045 | AK6: 1414294 | AL6: -1511075 | AM6: 10264 | AO6: 30~39坪 | AP6: 1823203 | AQ6: 1823203 | AS6: 30~39坪 | AT6: 18520 | AU6: 18520 | AW6: 30~39坪 | AX6: 1804683 | AY6: 1804683
B7: 文琪 | C7: ➖ | E7: 40~49坪 | F7: 48267 | G7: 571921 | H7: 221974 | I7: 842162 | K7: 40~49坪 | L7: 2749 | M7: 13136 | N7: -8495 | O7: 7390 | Q7: 40~49坪 | R7: 45518 | S7: 558785 | T7: 230469 | U7: 834772 | W7: 40~49坪 | X7: -1373 | Y7: 2216 | Z7: 6609 | AA7: 7452 | AC7: 40~49坪 | AD7: 46891 | AE7: 556569 | AF7: 223860 | AG7: 827320 | AI7: 40~49坪 | AJ7: 46891 | AK7: 556569 | AL7: -596449 | AM7: 7011 | AO7: 40~49坪 | AP7: 820309 | AQ7: 820309 | AS7: 40~49坪 | AT7: 14341 | AU7: 14341 | AW7: 40~49坪 | AX7: 805968 | AY7: 805968
B8: 育誠 | C8: ➖ | E8: 50~59坪 | F8: 38440 | G8: 431465 | H8: 240911 | I8: 710816 | K8: 50~59坪 | L8: 2446 | M8: 15035 | N8: -7533 | O8: 9948 | Q8: 50~59坪 | R8: 35994 | S8: 416430 | T8: 248444 | U8: 700868 | W8: 50~59坪 | X8: -1892 | Y8: 5186 | Z8: 7126 | AA8: 10420 | AC8: 50~59坪 | AD8: 37886 | AE8: 411244 | AF8: 241318 | AG8: 690448 | AI8: 50~59坪 | AJ8: 37886 | AK8: 411244 | AL8: -438429 | AM8: 10701 | AO8: 50~59坪 | AP8: 679747 | AQ8: 679747 | AS8: 50~59坪 | AT8: 16240 | AU8: 16240 | AW8: 50~59坪 | AX8: 663507 | AY8: 663507
B9: 會議 | C9: ➖ | E9: 60~69坪 | F9: 24062 | G9: 262508 | H9: 169605 | I9: 456175 | K9: 60~69坪 | L9: 917 | M9: 7964 | N9: -3556 | O9: 5325 | Q9: 60~69坪 | R9: 23145 | S9: 254544 | T9: 173161 | U9: 450850 | W9: 60~69坪 | X9: -1015 | Y9: 3574 | Z9: 3450 | AA9: 6009 | AC9: 60~69坪 | AD9: 24160 | AE9: 250970 | AF9: 169711 | AG9: 444841 | AI9: 60~69坪 | AJ9: 24160 | AK9: 250970 | AL9: -268552 | AM9: 6578 | AO9: 60~69坪 | AP9: 438263 | AQ9: 438263 | AS9: 60~69坪 | AT9: 11867 | AU9: 11867 | AW9: 60~69坪 | AX9: 426396 | AY9: 426396
E10: 70坪以上 | F10: 36856 | G10: 412807 | H10: 543289 | I10: 992952 | K10: 70坪以上 | L10: -656 | M10: -5582 | N10: 21221 | O10: 14983 | Q10: 70坪以上 | R10: 37512 | S10: 418389 | T10: 522068 | U10: 977969 | W10: 70坪以上 | X10: 498 | Y10: 24176 | Z10: -9593 | AA10: 15081 | AC10: 70坪以上 | AD10: 37014 | AE10: 394213 | AF10: 531661 | AG10: 962888 | AI10: 70坪以上 | AJ10: 37014 | AK10: 394213 | AL10: -415580 | AM10: 15647 | AO10: 70坪以上 | AP10: 947241 | AQ10: 947241 | AS10: 70坪以上 | AT10: 99604 | AU10: 99604 | AW10: 70坪以上 | AX10: 847637 | AY10: 847637
E11: 總計 | F11: 604312 | G11: 6245790 | H11: 2283840 | I11: 9133942 | K11: 總計 | L11: 47385 | M11: 137895 | N11: -36400 | O11: 148880 | Q11: 總計 | R11: 556927 | S11: 6107895 | T11: 2320240 | U11: 8985062 | W11: 總計 | X11: -14004 | Y11: 98342 | Z11: 47120 | AA11: 131458 | AC11: 總計 | AD11: 570931 | AE11: 6009553 | AF11: 2273120 | AG11: 8853604 | AI11: 總計 | AJ11: 570931 | AK11: 6009553 | AL11: -6452666 | AM11: 127818 | AO11: 總計 | AP11: 8725786 | AQ11: 8725786 | AS11: 總計 | AT11: 278189 | AU11: 278189 | AW11: 總計 | AX11: 8447597 | AY11: 8447597
F13: 低度用電 | G13: 非低度用電 | H13: 總計 | L13: 低度用電 | M13: 非低度用電 | N13: 總計 | R13: 低度用電 | S13: 非低度用電 | T13: 總計 | X13: 低度用電 | Y13: 非低度用電 | Z13: 總計 | AD13: 低度用電 | AE13: 非低度用電 | AF13: 總計 | AJ13: 低度用電 | AK13: 非低度用電 | AL13: 總計 | AP13: 總計 | AT13: 總計 | AX13: 總計
E14: 0~19坪 | F14: 13.987492 | G14: 86.012508 | H14: 100 | K14: 0~19坪 | L14: 0.82215618 | M14: -0.82215618 | N14: 0 | Q14: 0~19坪 | R14: 13.165336 | S14: 86.834664 | T14: 100 | W14: 0~19坪 | X14: -0.85238779 | Y14: 0.85238779 | Z14: 0 | AC14: 0~19坪 | AD14: 14.017724 | AE14: 85.982276 | AF14: 100 | AI14: 0~19坪 | AJ14: 14.017724 | AK14: 85.982276 | AL14: 100 | AO14: 0~19坪 | AP14: 0 | AS14: 0~19坪 | AT14: 0 | AW14: 0~19坪 | AX14: 0
E15: 20~29坪 | F15: 8.1248372 | G15: 91.875163 | H15: 100 | K15: 20~29坪 | L15: 0.57236422 | M15: -0.57236422 | N15: 0 | Q15: 20~29坪 | R15: 7.552473 | S15: 92.447527 | T15: 100 | W15: 20~29坪 | X15: -0.22410695 | Y15: 0.22410695 | Z15: 0 | AC15: 20~29坪 | AD15: 7.77658 | AE15: 92.22342 | AF15: 100 | AI15: 20~29坪 | AJ15: 7.77658 | AK15: 92.22342 | AL15: 100 | AO15: 20~29坪 | AP15: 0 | AS15: 20~29坪 | AT15: 0 | AW15: 20~29坪 | AX15: 0
E16: 30~39坪 | F16: 7.2314875 | G16: 92.768512 | H16: 100 | K16: 30~39坪 | L16: 0.35747891 | M16: -0.35747891 | N16: 0 | Q16: 30~39坪 | R16: 6.8740086 | S16: 93.125991 | T16: 100 | W16: 30~39坪 | X16: -0.16222722 | Y16: 0.16222722 | Z16: 0 | AC16: 30~39坪 | AD16: 7.0362358 | AE16: 92.963764 | AF16: 100 | AI16: 30~39坪 | AJ16: 7.0362358 | AK16: 92.963764 | AL16: 100 | AO16: 30~39坪 | AP16: 0 | AS16: 30~39坪 | AT16: 0 | AW16: 30~39坪 | AX16: 0
E17: 40~49坪 | F17: 7.7826401 | G17: 92.21736 | H17: 100 | K17: 40~49坪 | L17: 0.25032602 | M17: -0.25032602 | N17: 0 | Q17: 40~49坪 | R17: 7.5323141 | S17: 92.467686 | T17: 100 | W17: 40~49坪 | X17: -0.23804352 | Y17: 0.23804352 | Z17: 0 | AC17: 40~49坪 | AD17: 7.7703576 | AE17: 92.229642 | AF17: 100 | AI17: 40~49坪 | AJ17: 7.7703576 | AK17: 92.229642 | AL17: 100 | AO17: 40~49坪 | AP17: 0 | AS17: 40~49坪 | AT17: 0 | AW17: 40~49坪 | AX17: 0
E18: 50~59坪 | F18: 8.1803769 | G18: 91.819623 | H18: 100 | K18: 50~59坪 | L18: 0.22456552 | M18: -0.22456552 | N18: 0 | Q18: 50~59坪 | R18: 7.9558114 | S18: 92.044189 | T18: 100 | W18: 50~59坪 | X18: -0.47960823 | Y18: 0.47960823 | Z18: 0 | AC18: 50~59坪 | AD18: 8.4354196 | AE18: 91.56458 | AF18: 100 | AI18: 50~59坪 | AJ18: 8.4354196 | AK18: 91.56458 | AL18: 100 | AO18: 50~59坪 | AP18: 0 | AS18: 50~59坪 | AT18: 0 | AW18: 50~59坪 | AX18: 0
E19: 60~69坪 | F19: 8.3965523 | G19: 91.603448 | H19: 100 | K19: 60~69坪 | L19: 0.061688503 | M19: -0.061688503 | N19: 0 | Q19: 60~69坪 | R19: 8.3348638 | S19: 91.665136 | T19: 100 | W19: 60~69坪 | X19: -0.44643956 | Y19: 0.44643956 | Z19: 0 | AC19: 60~69坪 | AD19: 8.7813034 | AE19: 91.218697 | AF19: 100 | AI19: 60~69坪 | AJ19: 8.7813034 | AK19: 91.218697 | AL19: 100 | AO19: 60~69坪 | AP19: 0 | AS19: 60~69坪 | AT19: 0 | AW19: 60~69坪 | AX19: 0
E20: 70坪以上 | F20: 8.1963604 | G20: 91.80364 | H20: 100 | K20: 70坪以上 | L20: -0.031741768 | M20: 0.031741768 | N20: 0 | Q20: 70坪以上 | R20: 8.2281022 | S20: 91.771898 | T20: 100 | W20: 70坪以上 | X20: -0.35531215 | Y20: 0.35531215 | Z20: 0 | AC20: 70坪以上 | AD20: 8.5834143 | AE20: 91.416586 | AF20: 100 | AI20: 70坪以上 | AJ20: 8.5834143 | AK20: 91.416586 | AL20: 100 | AO20: 70坪以上 | AP20: 0 | AS20: 70坪以上 | AT20: 0 | AW20: 70坪以上 | AX20: 0
E21: 總計 | F21: 8.8219416 | G21: 91.178058 | H21: 100 | K21: 總計 | L21: 0.46572446 | M21: -0.46572446 | N21: 0 | Q21: 總計 | R21: 8.3562172 | S21: 91.643783 | T21: 100 | W21: 總計 | X21: -0.31990757 | Y21: 0.31990757 | Z21: 0 | AC21: 總計 | AD21: 8.6761247 | AE21: 91.323875 | AF21: 100 | AI21: 總計 | AJ21: 8.6761247 | AK21: 91.323875 | AL21: 100 | AO21: 總計 | AP21: 0 | AS21: 總計 | AT21: 0 | AW21: 總計 | AX21: 0
F23: 低度用電 | G23: 非低度用電 | H23: 總計 | L23: 低度用電 | M23: 非低度用電 | N23: 總計 | R23: 低度用電 | S23: 非低度用電 | T23: 總計 | X23: 低度用電 | Y23: 非低度用電 | Z23: 總計 | AD23: 低度用電 | AE23: 非低度用電 | AF23: 總計 | AJ23: 低度用電 | AK23: 非低度用電 | AL23: 總計 | AP23: 總計 | AT23: 總計 | AX23: 總計
E24: 0~19坪 | F24: 24.615761 | G24: 14.645657 | H24: 15.525214 | K24: 0~19坪 | L24: 0.63936952 | M24: 0.22610688 | N24: 0.30707322 | Q24: 0~19坪 | R24: 23.976392 | S24: 14.41955 | T24: 15.218141 | W24: 0~19坪 | X24: -0.13580382 | Y24: 0.36847209 | Z24: 0.29414743 | AC24: 0~19坪 | AD24: 24.112196 | AE24: 14.051078 | AF24: 14.923993 | AI24: 0~19坪 | AJ24: 24.112196 | AK24: 14.051078 | AL24: 14.923993 | AO24: 0~19坪 | AP24: 0 | AS24: 0~19坪 | AT24: 0 | AW24: 0~19坪 | AX24: 0
E25: 20~29坪 | F25: 32.422821 | G25: 35.473831 | H25: 35.204673 | K25: 20~29坪 | L25: 0.69514427 | M25: 0.061778411 | N25: 0.10049454 | Q25: 20~29坪 | R25: 31.727677 | S25: 35.412053 | T25: 35.104178 | W25: 20~29坪 | X25: 0.1527582 | Y25: -0.16224037 | Z25: -0.1231241 | AC25: 20~29坪 | AD25: 31.574919 | AE25: 35.574293 | AF25: 35.227302 | AI25: 20~29坪 | AJ25: 31.574919 | AK25: 35.574293 | AL25: 35.227302 | AO25: 20~29坪 | AP25: 0 | AS25: 20~29坪 | AT25: 0 | AW25: 20~29坪 | AX25: 0
E26: 30~39坪 | F26: 18.532811 | G26: 23.003191 | H26: 22.608817 | K26: 30~39坪 | L26: -0.23571715 | M26: -0.18131042 | N26: -0.20667642 | Q26: 30~39坪 | R26: 18.768528 | S26: 23.184501 | T26: 22.815493 | W26: 30~39坪 | X26: 0.019327145 | Y26: -0.34959509 | Z26: -0.30345991 | AC26: 30~39坪 | AD26: 18.749201 | AE26: 23.534096 | AF26: 23.118953 | AI26: 30~39坪 | AJ26: 18.749201 | AK26: 23.534096 | AL26: 23.118953 | AO26: 30~39坪 | AP26: 0 | AS26: 30~39坪 | AT26: 0 | AW26: 30~39坪 | AX26: 0
E27: 40~49坪 | F27: 7.9870994 | G27: 9.1569041 | H27: 9.0537046 | K27: 40~49坪 | L27: -0.1859646 | M27: 0.0083349027 | N27: -0.013349252 | Q27: 40~49坪 | R27: 8.173064 | S27: 9.1485692 | T27: 9.0670539 | W27: 40~49坪 | X27: -0.040012562 | Y27: -0.11283511 | Z27: -0.10339622 | AC27: 40~49坪 | AD27: 8.2130765 | AE27: 9.2614043 | AF27: 9.1704501 | AI27: 40~49坪 | AJ27: 8.2130765 | AK27: 9.2614043 | AL27: 9.1704501 | AO27: 40~49坪 | AP27: 0 | AS27: 40~49坪 | AT27: 0 | AW27: 40~49坪 | AX27: 0
E28: 50~59坪 | F28: 6.3609526 | G28: 6.9080933 | H28: 6.8598249 | K28: 50~59坪 | L28: -0.1020129 | M28: 0.090196127 | N28: 0.071586555 | Q28: 50~59坪 | R28: 6.4629655 | S28: 6.8178972 | T28: 6.7882383 | W28: 50~59坪 | X28: -0.17286262 | Y28: -0.025274033 | Z28: -0.03694355 | AC28: 50~59坪 | AD28: 6.6358281 | AE28: 6.8431712 | AF28: 6.8251819 | AI28: 50~59坪 | AJ28: 6.6358281 | AK28: 6.8431712 | AL28: 6.8251819 | AO28: 50~59坪 | AP28: 0 | AS28: 50~59坪 | AT28: 0 | AW28: 50~59坪 | AX28: 0
E29: 60~69坪 | F29: 3.9817181 | G29: 4.2029591 | H29: 4.1834414 | K29: 60~69坪 | L29: -0.17412284 | M29: 0.035500439 | N29: 0.016953489 | Q29: 60~69坪 | R29: 4.1558409 | S29: 4.1674587 | T29: 4.1664879 | W29: 60~69坪 | X29: -0.075843848 | Y29: -0.0087254777 | Z29: -0.014511585 | AC29: 60~69坪 | AD29: 4.2316847 | AE29: 4.1761842 | AF29: 4.1809995 | AI29: 60~69坪 | AJ29: 4.2316847 | AK29: 4.1761842 | AL29: 4.1809995 | AO29: 60~69坪 | AP29: 0 | AS29: 60~69坪 | AT29: 0 | AW29: 60~69坪 | AX29: 0
E30: 70坪以上 | F30: 6.0988364 | G30: 6.6093641 | H30: 6.5643256 | K30: 70坪以上 | L30: -0.6366963 | M30: -0.24060634 | N30: -0.27608213 | Q30: 70坪以上 | R30: 6.7355327 | S30: 6.8499704 | T30: 6.8404077 | W30: 70坪以上 | X30: 0.25243751 | Y30: 0.29019799 | Z30: 0.28728794 | AC30: 70坪以上 | AD30: 6.4830952 | AE30: 6.5597724 | AF30: 6.5531198 | AI30: 70坪以上 | AJ30: 6.4830952 | AK30: 6.5597724 | AL30: 6.5531198 | AO30: 70坪以上 | AP30: 0 | AS30: 70坪以上 | AT30: 0 | AW30: 70坪以上 | AX30: 0
E31: 總計 | F31: 100 | G31: 100 | H31: 100 | K31: 總計 | L31: 0 | M31: 0 | N31: 0 | Q31: 總計 | R31: 100 | S31: 100 | T31: 100 | W31: 總計 | X31: 0 | Y31: 0 | Z31: 0 | AC31: 總計 | AD31: 100 | AE31: 100 | AF31: 100 | AI31: 總計 | AJ31: 100 | AK31: 100 | AL31: 100 | AO31: 總計 | AP31: 0 | AS31: 總計 | AT31: 0 | AW31: 總計 | AX31: 0
F33: 低度用電 | G33: 非低度用電 | H33: 總計 | L33: 低度用電 | M33: 非低度用電 | N33: 總計 | R33: 低度用電 | S33: 非低度用電 | T33: 總計 | X33: 低度用電 | Y33: 非低度用電 | Z33: 總計 | AD33: 低度用電 | AE33: 非低度用電 | AF33: 總計 | AJ33: 低度用電 | AK33: 非低度用電 | AL33: 總計 | AP33: 總計 | AT33: 總計 | AX33: 總計
E34: 0~19坪 | F34: 2.1715881 | G34: 13.353626 | H34: 15.525214 | K34: 0~19坪 | L34: 0.16806873 | M34: 0.13900449 | N34: 0.30707322 | Q34: 0~19坪 | R34: 2.0035194 | S34: 13.214621 | T34: 15.218141 | W34: 0~19坪 | X34: -0.088484801 | Y34: 0.38263223 | Z34: 0.29414743 | AC34: 0~19坪 | AD34: 2.0920042 | AE34: 12.831989 | AF34: 14.923993 | AI34: 0~19坪 | AJ34: 2.0920042 | AK34: 12.831989 | AL34: 14.923993 | AO34: 0~19坪 | AP34: 0 | AS34: 0~19坪 | AT34: 0 | AW34: 0~19坪 | AX34: 0
E35: 20~29坪 | F35: 2.8603224 | G35: 32.34435 | H35: 35.204673 | K35: 20~29坪 | L35: 0.20908878 | M35: -0.10859424 | N35: 0.10049454 | Q35: 20~29坪 | R35: 2.6512336 | S35: 32.452945 | T35: 35.104178 | W35: 20~29坪 | X35: -0.088245749 | Y35: -0.034878354 | Z35: -0.1231241 | AC35: 20~29坪 | AD35: 2.7394793 | AE35: 32.487823 | AF35: 35.227302 | AI35: 20~29坪 | AJ35: 2.7394793 | AK35: 32.487823 | AL35: 35.227302 | AO35: 20~29坪 | AP35: 0 | AS35: 20~29坪 | AT35: 0 | AW35: 20~29坪 | AX35: 0
E36: 30~39坪 | F36: 1.6349538 | G36: 20.973863 | H36: 22.608817 | K36: 30~39坪 | L36: 0.066614798 | M36: -0.27329122 | N36: -0.20667642 | Q36: 30~39坪 | R36: 1.568339 | S36: 21.247154 | T36: 22.815493 | W36: 30~39坪 | X36: -0.058365095 | Y36: -0.24509481 | Z36: -0.30345991 | AC36: 30~39坪 | AD36: 1.6267041 | AE36: 21.492249 | AF36: 23.118953 | AI36: 30~39坪 | AJ36: 1.6267041 | AK36: 21.492249 | AL36: 23.118953 | AO36: 30~39坪 | AP36: 0 | AS36: 30~39坪 | AT36: 0 | AW36: 30~39坪 | AX36: 0
E37: 40~49坪 | F37: 0.70461725 | G37: 8.3490874 | H37: 9.0537046 | K37: 40~49坪 | L37: 0.02165827 | M37: -0.035007522 | N37: -0.013349252 | Q37: 40~49坪 | R37: 0.68295897 | S37: 8.3840949 | T37: 9.0670539 | W37: 40~49坪 | X37: -0.02961779 | Y37: -0.073778432 | Z37: -0.10339622 | AC37: 40~49坪 | AD37: 0.71257676 | AE37: 8.4578733 | AF37: 9.1704501 | AI37: 40~49坪 | AJ37: 0.71257676 | AK37: 8.4578733 | AL37: 9.1704501 | AO37: 40~49坪 | AP37: 0 | AS37: 40~49坪 | AT37: 0 | AW37: 40~49坪 | AX37: 0
E38: 50~59坪 | F38: 0.56115953 | G38: 6.2986653 | H38: 6.8598249 | K38: 50~59坪 | L38: 0.021100093 | M38: 0.050486463 | N38: 0.071586555 | Q38: 50~59坪 | R38: 0.54005943 | S38: 6.2481789 | T38: 6.7882383 | W38: 50~59坪 | X38: -0.035673293 | Y38: -0.0012702576 | Z38: -0.03694355 | AC38: 50~59坪 | AD38: 0.57573273 | AE38: 6.2494491 | AF38: 6.8251819 | AI38: 50~59坪 | AJ38: 0.57573273 | AK38: 6.2494491 | AL38: 6.8251819 | AO38: 50~59坪 | AP38: 0 | AS38: 50~59坪 | AT38: 0 | AW38: 50~59坪 | AX38: 0
E39: 60~69坪 | F39: 0.35126484 | G39: 3.8321765 | H39: 4.1834414 | K39: 60~69坪 | L39: 0.0039937526 | M39: 0.012959736 | N39: 0.016953489 | Q39: 60~69坪 | R39: 0.34727109 | S39: 3.8192168 | T39: 4.1664879 | W39: 60~69坪 | X39: -0.019875156 | Y39: 0.0053635713 | Z39: -0.014511585 | AC39: 60~69坪 | AD39: 0.36714625 | AE39: 3.8138532 | AF39: 4.1809995 | AI39: 60~69坪 | AJ39: 0.36714625 | AK39: 3.8138532 | AL39: 4.1809995 | AO39: 60~69坪 | AP39: 0 | AS39: 60~69坪 | AT39: 0 | AW39: 60~69坪 | AX39: 0
E40: 70坪以上 | F40: 0.53803578 | G40: 6.0262898 | H40: 6.5643256 | K40: 70坪以上 | L40: -0.024799953 | M40: -0.25128218 | N40: -0.27608213 | Q40: 70坪以上 | R40: 0.56283574 | S40: 6.277572 | T40: 6.8404077 | W40: 70坪以上 | X40: 0.00035431431 | Y40: 0.28693363 | Z40: 0.28728794 | AC40: 70坪以上 | AD40: 0.56248142 | AE40: 5.9906384 | AF40: 6.5531198 | AI40: 70坪以上 | AJ40: 0.56248142 | AK40: 5.9906384 | AL40: 6.5531198 | AO40: 70坪以上 | AP40: 0 | AS40: 70坪以上 | AT40: 0 | AW40: 70坪以上 | AX40: 0
E41: 總計 | F41: 8.8219416 | G41: 91.178058 | H41: 100 | K41: 總計 | L41: 0.46572446 | M41: -0.46572446 | N41: 0 | Q41: 總計 | R41: 8.3562172 | S41: 91.643783 | T41: 100 | W41: 總計 | X41: -0.31990757 | Y41: 0.31990757 | Z41: 0 | AC41: 總計 | AD41: 8.6761247 | AE41: 91.323875 | AF41: 100 | AI41: 總計 | AJ41: 8.6761247 | AK41: 91.323875 | AL41: 100 | AO41: 總計 | AP41: 0 | AS41: 總計 | AT41: 0 | AW41: 總計 | AX41: 0

Sheet 表 1‑5
A1: 🏠
A2: ⬅ | B2: 人員 | C2: 到此一遊 | E2: 2024年 | F2: 全國住宅使用現況－按建物使用類別分 | K2: YOY | L2: 全國住宅使用現況－按建物使用類別分 | Q2: 2023年 | R2: 全國住宅使用現況－按建物使用類別分 | W2: YOY | X2: 全國住宅使用現況－按建物使用類別分 | AC2: 2022年 | AD2: 全國住宅使用現況－按建物使用類別分 | AI2: YOY | AJ2: 全國住宅使用現況－按建物使用類別分 | AO2: 2021年 | AP2: 全國住宅使用現況－按建物使用類別分 | AS2: YOY | AT2: 全國住宅使用現況－按建物使用類別分 | AW2: 2020年 | AX2: 全國住宅使用現況－按建物使用類別分
A3: ➡ | B3: 宥婕 | C3: ➖ | F3: 低度用電 | G3: 非低度用電 | H3: 資料缺失 | I3: 總計 | L3: 低度用電 | M3: 非低度用電 | N3: 資料缺失 | O3: 總計 | R3: 低度用電 | S3: 非低度用電 | T3: 資料缺失 | U3: 總計 | X3: 低度用電 | Y3: 非低度用電 | Z3: 資料缺失 | AA3: 總計 | AD3: 低度用電 | AE3: 非低度用電 | AF3: 資料缺失 | AG3: 總計 | AJ3: 低度用電 | AK3: 非低度用電 | AL3: 資料缺失 | AM3: 總計 | AP3: 資料缺失 | AQ3: 總計 | AT3: 資料缺失 | AU3: 總計 | AX3: 資料缺失 | AY3: 總計
B4: 瀚平 | C4: ➖ | E4: 住家用 | F4: 351744 | G4: 4078174 | H4: 865516 | I4: 5295434 | K4: 住家用 | L4: 19129 | M4: 64086 | N4: -70115 | O4: 13100 | Q4: 住家用 | R4: 332615 | S4: 4014088 | T4: 935631 | U4: 5282334 | W4: 住家用 | X4: -10267 | Y4: -9659 | Z4: 30405 | AA4: 10479 | AC4: 住家用 | AD4: 342882 | AE4: 4023747 | AF4: 905226 | AG4: 5271855 | AI4: 住家用 | AJ4: 342882 | AK4: 4023747 | AL4: -4351499 | AM4: 15130 | AO4: 住家用 | AP4: 5256725 | AQ4: 5256725 | AS4: 住家用 | AT4: 14812 | AU4: 14812 | AW4: 住家用 | AX4: 5241913 | AY4: 5241913
B5: 賀翔 | C5: ➖ | E5: 住商用 | F5: 51023 | G5: 476864 | H5: 132840 | I5: 660727 | K5: 住商用 | L5: 2987 | M5: 9919 | N5: -12928 | O5: -22 | Q5: 住商用 | R5: 48036 | S5: 466945 | T5: 145768 | U5: 660749 | W5: 住商用 | X5: -1176 | Y5: -6193 | Z5: 6474 | AA5: -895 | AC5: 住商用 | AD5: 49212 | AE5: 473138 | AF5: 139294 | AG5: 661644 | AI5: 住商用 | AJ5: 49212 | AK5: 473138 | AL5: -522010 | AM5: 340 | AO5: 住商用 | AP5: 661304 | AQ5: 661304 | AS5: 住商用 | AT5: -607 | AU5: -607 | AW5: 住商用 | AX5: 661911 | AY5: 661911
B6: 尚書 | C6: ➖ | E6: 住工用 | F6: 770 | G6: 8301 | H6: 5371 | I6: 14442 | K6: 住工用 | L6: 23 | M6: 295 | N6: -340 | O6: -22 | Q6: 住工用 | R6: 747 | S6: 8006 | T6: 5711 | U6: 14464 | W6: 住工用 | X6: -47 | Y6: -65 | Z6: 59 | AA6: -53 | AC6: 住工用 | AD6: 794 | AE6: 8071 | AF6: 5652 | AG6: 14517 | AI6: 住工用 | AJ6: 794 | AK6: 8071 | AL6: -8867 | AM6: -2 | AO6: 住工用 | AP6: 14519 | AQ6: 14519 | AS6: 住工用 | AT6: -27 | AU6: -27 | AW6: 住工用 | AX6: 14546 | AY6: 14546
B7: 文琪 | C7: ➖ | E7: 國民住宅 | F7: 1709 | G7: 23290 | H7: 4771 | I7: 29770 | K7: 國民住宅 | L7: -3 | M7: -2646 | N7: -1116 | O7: -3765 | Q7: 國民住宅 | R7: 1712 | S7: 25936 | T7: 5887 | U7: 33535 | W7: 國民住宅 | X7: -74 | Y7: -1471 | Z7: 34 | AA7: -1511 | AC7: 國民住宅 | AD7: 1786 | AE7: 27407 | AF7: 5853 | AG7: 35046 | AI7: 國民住宅 | AJ7: 1786 | AK7: 27407 | AL7: -31040 | AM7: -1847 | AO7: 國民住宅 | AP7: 36893 | AQ7: 36893 | AS7: 國民住宅 | AT7: -5606 | AU7: -5606 | AW7: 國民住宅 | AX7: 42499 | AY7: 42499
B8: 育誠 | C8: ➖ | E8: 其他 | F8: 199066 | G8: 1659161 | H8: 1275342 | I8: 3133569 | K8: 其他 | L8: 25249 | M8: 66241 | N8: 48099 | O8: 139589 | Q8: 其他 | R8: 173817 | S8: 1592920 | T8: 1227243 | U8: 2993980 | W8: 其他 | X8: -2440 | Y8: 115730 | Z8: 10148 | AA8: 123438 | AC8: 其他 | AD8: 176257 | AE8: 1477190 | AF8: 1217095 | AG8: 2870542 | AI8: 其他 | AJ8: 176257 | AK8: 1477190 | AL8: -1539250 | AM8: 114197 | AO8: 其他 | AP8: 2756345 | AQ8: 2756345 | AS8: 其他 | AT8: 269617 | AU8: 269617 | AW8: 其他 | AX8: 2486728 | AY8: 2486728
B9: 會議 | C9: ➖ | E9: 總計 | F9: 604312 | G9: 6245790 | H9: 2283840 | I9: 9133942 | K9: 總計 | L9: 47385 | M9: 137895 | N9: -36400 | O9: 148880 | Q9: 總計 | R9: 556927 | S9: 6107895 | T9: 2320240 | U9: 8985062 | W9: 總計 | X9: -14004 | Y9: 98342 | Z9: 47120 | AA9: 131458 | AC9: 總計 | AD9: 570931 | AE9: 6009553 | AF9: 2273120 | AG9: 8853604 | AI9: 總計 | AJ9: 570931 | AK9: 6009553 | AL9: -6452666 | AM9: 127818 | AO9: 總計 | AP9: 8725786 | AQ9: 8725786 | AS9: 總計 | AT9: 278189 | AU9: 278189 | AW9: 總計 | AX9: 8447597 | AY9: 8447597
F11: 低度用電 | G11: 非低度用電 | H11: 總計 | L11: 低度用電 | M11: 非低度用電 | N11: 總計 | R11: 低度用電 | S11: 非低度用電 | T11: 總計 | X11: 低度用電 | Y11: 非低度用電 | Z11: 總計 | AD11: 低度用電 | AE11: 非低度用電 | AF11: 總計 | AJ11: 低度用電 | AK11: 非低度用電 | AL11: 總計 | AP11: 總計 | AT11: 總計 | AX11: 總計
E12: 住家用 | F12: 7.9401921 | G12: 92.059808 | H12: 100 | K12: 住家用 | L12: 0.2880705 | M12: -0.2880705 | N12: 0 | Q12: 住家用 | R12: 7.6521216 | S12: 92.347878 | T12: 100 | W12: 住家用 | X12: -0.20020566 | Y12: 0.20020566 | Z12: 0 | AC12: 住家用 | AD12: 7.8523273 | AE12: 92.147673 | AF12: 100 | AI12: 住家用 | AJ12: 7.8523273 | AK12: 92.147673 | AL12: 100 | AO12: 住家用 | AP12: 0 | AS12: 住家用 | AT12: 0 | AW12: 住家用 | AX12: 0
E13: 住商用 | F13: 9.6655155 | G13: 90.334484 | H13: 100 | K13: 住商用 | L13: 0.33779277 | M13: -0.33779277 | N13: 0 | Q13: 住商用 | R13: 9.3277228 | S13: 90.672277 | T13: 100 | W13: 住商用 | X13: -0.093546494 | Y13: 0.093546494 | Z13: 0 | AC13: 住商用 | AD13: 9.4212693 | AE13: 90.578731 | AF13: 100 | AI13: 住商用 | AJ13: 9.4212693 | AK13: 90.578731 | AL13: 100 | AO13: 住商用 | AP13: 0 | AS13: 住商用 | AT13: 0 | AW13: 住商用 | AX13: 0
E14: 住工用 | F14: 8.48859 | G14: 91.51141 | H14: 100 | K14: 住工用 | L14: -0.045626828 | M14: 0.045626828 | N14: 0 | Q14: 住工用 | R14: 8.5342168 | S14: 91.465783 | T14: 100 | W14: 住工用 | X14: -0.42235394 | Y14: 0.42235394 | Z14: 0 | AC14: 住工用 | AD14: 8.9565708 | AE14: 91.043429 | AF14: 100 | AI14: 住工用 | AJ14: 8.9565708 | AK14: 91.043429 | AL14: 100 | AO14: 住工用 | AP14: 0 | AS14: 住工用 | AT14: 0 | AW14: 住工用 | AX14: 0
E15: 國民住宅 | F15: 6.8362735 | G15: 93.163727 | H15: 100 | K15: 國民住宅 | L15: 0.64414382 | M15: -0.64414382 | N15: 0 | Q15: 國民住宅 | R15: 6.1921296 | S15: 93.80787 | T15: 100 | W15: 國民住宅 | X15: 0.074224652 | Y15: -0.074224652 | Z15: 0 | AC15: 國民住宅 | AD15: 6.117905 | AE15: 93.882095 | AF15: 100 | AI15: 國民住宅 | AJ15: 6.117905 | AK15: 93.882095 | AL15: 100 | AO15: 國民住宅 | AP15: 0 | AS15: 國民住宅 | AT15: 0 | AW15: 國民住宅 | AX15: 0
E16: 其他 | F16: 10.712685 | G16: 89.287315 | H16: 100 | K16: 其他 | L16: 0.87437829 | M16: -0.87437829 | N16: 0 | Q16: 其他 | R16: 9.8383064 | S16: 90.161694 | T16: 100 | W16: 其他 | X16: -0.82166633 | Y16: 0.82166633 | Z16: 0 | AC16: 其他 | AD16: 10.659973 | AE16: 89.340027 | AF16: 100 | AI16: 其他 | AJ16: 10.659973 | AK16: 89.340027 | AL16: 100 | AO16: 其他 | AP16: 0 | AS16: 其他 | AT16: 0 | AW16: 其他 | AX16: 0
E17: 總計 | F17: 8.8219416 | G17: 91.178058 | H17: 100 | K17: 總計 | L17: 0.46572446 | M17: -0.46572446 | N17: 0 | Q17: 總計 | R17: 8.3562172 | S17: 91.643783 | T17: 100 | W17: 總計 | X17: -0.31990757 | Y17: 0.31990757 | Z17: 0 | AC17: 總計 | AD17: 8.6761247 | AE17: 91.323875 | AF17: 100 | AI17: 總計 | AJ17: 8.6761247 | AK17: 91.323875 | AL17: 100 | AO17: 總計 | AP17: 0 | AS17: 總計 | AT17: 0 | AW17: 總計 | AX17: 0
F19: 低度用電 | G19: 非低度用電 | H19: 總計 | L19: 低度用電 | M19: 非低度用電 | N19: 總計 | R19: 低度用電 | S19: 非低度用電 | T19: 總計 | X19: 低度用電 | Y19: 非低度用電 | Z19: 總計 | AD19: 低度用電 | AE19: 非低度用電 | AF19: 總計 | AJ19: 低度用電 | AK19: 非低度用電 | AL19: 總計 | AP19: 總計 | AT19: 總計 | AX19: 總計
E20: 住家用 | F20: 58.205695 | G20: 65.294767 | H20: 64.669373 | K20: 住家用 | L20: -1.5175721 | M20: -0.42489628 | N20: -0.54921818 | Q20: 住家用 | R20: 59.723267 | S20: 65.719663 | T20: 65.218591 | W20: 住家用 | X20: -0.33337718 | Y20: -1.2361823 | Z20: -1.1386709 | AC20: 住家用 | AD20: 60.056644 | AE20: 66.955845 | AF20: 66.357262 | AI20: 住家用 | AJ20: 60.056644 | AK20: 66.955845 | AL20: 66.357262 | AO20: 住家用 | AP20: 0 | AS20: 住家用 | AT20: 0 | AW20: 住家用 | AX20: 0
E21: 住商用 | F21: 8.4431552 | G21: 7.6349669 | H21: 7.7062648 | K21: 住商用 | L21: -0.18203267 | M21: -0.0099745923 | N21: -0.020588208 | Q21: 住商用 | R21: 8.6251879 | S21: 7.6449415 | T21: 7.726853 | W21: 住商用 | X21: 0.0055823397 | Y21: -0.22815654 | Z21: -0.21101295 | AC21: 住商用 | AD21: 8.6196055 | AE21: 7.873098 | AF21: 7.937866 | AI21: 住商用 | AJ21: 8.6196055 | AK21: 7.873098 | AL21: 7.937866 | AO21: 住商用 | AP21: 0 | AS21: 住商用 | AT21: 0 | AW21: 住商用 | AX21: 0
E22: 住工用 | F22: 0.12741763 | G22: 0.13290553 | H22: 0.13242139 | K22: 住工用 | L22: -0.0067112641 | M22: 0.0018292706 | N22: 0.0010900465 | Q22: 住工用 | R22: 0.13412889 | S22: 0.13107625 | T22: 0.13133134 | W22: 住工用 | X22: -0.0049422067 | Y22: -0.0032265796 | Z22: -0.0033851951 | AC22: 住工用 | AD22: 0.1390711 | AE22: 0.13430283 | AF22: 0.13471653 | AI22: 住工用 | AJ22: 0.1390711 | AK22: 0.13430283 | AL22: 0.13471653 | AO22: 住工用 | AP22: 0 | AS22: 住工用 | AT22: 0 | AW22: 住工用 | AX22: 0
E23: 國民住宅 | F23: 0.28280094 | G23: 0.37289118 | H23: 0.36494347 | K23: 國民住宅 | L23: -0.024600212 | M23: -0.051739565 | N23: -0.049891314 | Q23: 國民住宅 | R23: 0.30740115 | S23: 0.42463074 | T23: 0.41483478 | W23: 國民住宅 | X23: -0.0054212406 | Y23: -0.03142647 | Z23: -0.028795197 | AC23: 國民住宅 | AD23: 0.31282239 | AE23: 0.45605721 | AF23: 0.44362998 | AI23: 國民住宅 | AJ23: 0.31282239 | AK23: 0.45605721 | AL23: 0.44362998 | AO23: 國民住宅 | AP23: 0 | AS23: 國民住宅 | AT23: 0 | AW23: 國民住宅 | AX23: 0
E24: 其他 | F24: 32.940931 | G24: 26.56447 | H24: 27.126998 | K24: 其他 | L24: 1.7309162 | M24: 0.48478116 | N24: 0.61860765 | Q24: 其他 | R24: 31.210015 | S24: 26.079689 | T24: 26.50839 | W24: 其他 | X24: 0.33815829 | Y24: 1.4989919 | Z24: 1.3818642 | AC24: 其他 | AD24: 30.871857 | AE24: 24.580697 | AF24: 25.126526 | AI24: 其他 | AJ24: 30.871857 | AK24: 24.580697 | AL24: 25.126526 | AO24: 其他 | AP24: 0 | AS24: 其他 | AT24: 0 | AW24: 其他 | AX24: 0
E25: 總計 | F25: 100 | G25: 100 | H25: 100 | K25: 總計 | L25: 0 | M25: 0 | N25: 0 | Q25: 總計 | R25: 100 | S25: 100 | T25: 100 | W25: 總計 | X25: 0 | Y25: 0 | Z25: 0 | AC25: 總計 | AD25: 100 | AE25: 100 | AF25: 100 | AI25: 總計 | AJ25: 100 | AK25: 100 | AL25: 100 | AO25: 總計 | AP25: 0 | AS25: 總計 | AT25: 0 | AW25: 總計 | AX25: 0
F27: 低度用電 | G27: 非低度用電 | H27: 總計 | L27: 低度用電 | M27: 非低度用電 | N27: 總計 | R27: 低度用電 | S27: 非低度用電 | T27: 總計 | X27: 低度用電 | Y27: 非低度用電 | Z27: 總計 | AD27: 低度用電 | AE27: 非低度用電 | AF27: 總計 | AJ27: 低度用電 | AK27: 非低度用電 | AL27: 總計 | AP27: 總計 | AT27: 總計 | AX27: 總計
E28: 住家用 | F28: 5.1348724 | G28: 59.5345 | H28: 64.669373 | K28: 住家用 | L28: 0.14426654 | M28: -0.69348472 | N28: -0.54921818 | Q28: 住家用 | R28: 4.9906059 | S28: 60.227985 | T28: 65.218591 | W28: 住家用 | X28: -0.21998347 | Y28: -0.91868741 | Z28: -1.1386709 | AC28: 住家用 | AD28: 5.2105894 | AE28: 61.146672 | AF28: 66.357262 | AI28: 住家用 | AJ28: 5.2105894 | AK28: 61.146672 | AL28: 66.357262 | AO28: 住家用 | AP28: 0 | AS28: 住家用 | AT28: 0 | AW28: 住家用 | AX28: 0
E29: 住商用 | F29: 0.74485022 | G29: 6.9614146 | H29: 7.7062648 | K29: 住商用 | L29: 0.024110794 | M29: -0.044699002 | N29: -0.020588208 | Q29: 住商用 | R29: 0.72073943 | S29: 7.0061136 | T29: 7.726853 | W29: 住商用 | X29: -0.027108298 | Y29: -0.18390465 | Z29: -0.21101295 | AC29: 住商用 | AD29: 0.74784773 | AE29: 7.1900182 | AF29: 7.937866 | AI29: 住商用 | AJ29: 0.74784773 | AK29: 7.1900182 | AL29: 7.937866 | AO29: 住商用 | AP29: 0 | AS29: 住商用 | AT29: 0 | AW29: 住商用 | AX29: 0
E30: 住工用 | F30: 0.011240709 | G30: 0.12118068 | H30: 0.13242139 | K30: 住工用 | L30: 3.2607251e-05 | M30: 0.0010574392 | N30: 0.0010900465 | Q30: 住工用 | R30: 0.011208101 | S30: 0.12012324 | T30: 0.13133134 | W30: 住工用 | X30: -0.00085788049 | Y30: -0.0025273147 | Z30: -0.0033851951 | AC30: 住工用 | AD30: 0.012065982 | AE30: 0.12265055 | AF30: 0.13471653 | AI30: 住工用 | AJ30: 0.012065982 | AK30: 0.12265055 | AL30: 0.13471653 | AO30: 住工用 | AP30: 0 | AS30: 住工用 | AT30: 0 | AW30: 住工用 | AX30: 0
E31: 國民住宅 | F31: 0.024948534 | G31: 0.33999494 | H31: 0.36494347 | K31: 國民住宅 | L31: -0.00073857401 | M31: -0.04915274 | N31: -0.049891314 | Q31: 國民住宅 | R31: 0.025687108 | S31: 0.38914768 | T31: 0.41483478 | W31: 國民住宅 | X31: -0.0014537531 | Y31: -0.027341444 | Z31: -0.028795197 | AC31: 國民住宅 | AD31: 0.027140861 | AE31: 0.41648912 | AF31: 0.44362998 | AI31: 國民住宅 | AJ31: 0.027140861 | AK31: 0.41648912 | AL31: 0.44362998 | AO31: 國民住宅 | AP31: 0 | AS31: 國民住宅 | AT31: 0 | AW31: 國民住宅 | AX31: 0
E32: 其他 | F32: 2.9060297 | G32: 24.220968 | H32: 27.126998 | K32: 其他 | L32: 0.29805309 | M32: 0.32055456 | N32: 0.61860765 | Q32: 其他 | R32: 2.6079766 | S32: 23.900413 | T32: 26.50839 | W32: 其他 | X32: -0.070504165 | Y32: 1.4523684 | Z32: 1.3818642 | AC32: 其他 | AD32: 2.6784808 | AE32: 22.448045 | AF32: 25.126526 | AI32: 其他 | AJ32: 2.6784808 | AK32: 22.448045 | AL32: 25.126526 | AO32: 其他 | AP32: 0 | AS32: 其他 | AT32: 0 | AW32: 其他 | AX32: 0
E33: 總計 | F33: 8.8219416 | G33: 91.178058 | H33: 100 | K33: 總計 | L33: 0.46572446 | M33: -0.46572446 | N33: 0 | Q33: 總計 | R33: 8.3562172 | S33: 91.643783 | T33: 100 | W33: 總計 | X33: -0.31990757 | Y33: 0.31990757 | Z33: 0 | AC33: 總計 | AD33: 8.6761247 | AE33: 91.323875 | AF33: 100 | AI33: 總計 | AJ33: 8.6761247 | AK33: 91.323875 | AL33: 100 | AO33: 總計 | AP33: 0 | AS33: 總計 | AT33: 0 | AW33: 總計 | AX33: 0

Sheet 表 1‑6
A1: 🏠
A2: ⬅ | B2: 人員 | C2: 到此一遊 | E2: 2024年 | F2: 全國住宅使用現況－按建物結構分 | K2: YOY | L2: 全國住宅使用現況－按建物結構分 | Q2: 2023年 | R2: 全國住宅使用現況－按建物結構分 | W2: YOY | X2: 全國住宅使用現況－按建物結構分 | AC2: 2022年 | AD2: 全國住宅使用現況－按建物結構分 | AI2: YOY | AJ2: 全國住宅使用現況－按建物結構分 | AO2: 2021年 | AP2: 全國住宅使用現況－按建物結構分 | AS2: YOY | AT2: 全國住宅使用現況－按建物結構分 | AW2: 2020年 | AX2: 全國住宅使用現況－按建物結構分
A3: ➡ | B3: 宥婕 | C3: ➖ | F3: 低度用電 | G3: 非低度用電 | H3: 資料缺失 | I3: 總計 | L3: 低度用電 | M3: 非低度用電 | N3: 資料缺失 | O3: 總計 | R3: 低度用電 | S3: 非低度用電 | T3: 資料缺失 | U3: 總計 | X3: 低度用電 | Y3: 非低度用電 | Z3: 資料缺失 | AA3: 總計 | AD3: 低度用電 | AE3: 非低度用電 | AF3: 資料缺失 | AG3: 總計 | AJ3: 低度用電 | AK3: 非低度用電 | AL3: 資料缺失 | AM3: 總計 | AP3: 資料缺失 | AQ3: 總計 | AT3: 資料缺失 | AU3: 總計 | AX3: 資料缺失 | AY3: 總計
B4: 瀚平 | C4: ➖ | E4: 鋼骨或鋼筋混凝土 | F4: 439317 | G4: 4853011 | H4: 1627753 | I4: 6920081 | K4: 鋼骨或鋼筋混凝土 | L4: 32885 | M4: 86415 | N4: 2010 | O4: 121310 | Q4: 鋼骨或鋼筋混凝土 | R4: 406432 | S4: 4766596 | T4: 1625743 | U4: 6798771 | W4: 鋼骨或鋼筋混凝土 | X4: -10180 | Y4: 98854 | Z4: 12719 | AA4: 101393 | AC4: 鋼骨或鋼筋混凝土 | AD4: 416612 | AE4: 4667742 | AF4: 1613024 | AG4: 6697378 | AI4: 鋼骨或鋼筋混凝土 | AJ4: 416612 | AK4: 4667742 | AL4: -4984992 | AM4: 99362 | AO4: 鋼骨或鋼筋混凝土 | AP4: 6598016 | AQ4: 6598016 | AS4: 鋼骨或鋼筋混凝土 | AT4: 235937 | AU4: 235937 | AW4: 鋼骨或鋼筋混凝土 | AX4: 6362079 | AY4: 6362079
B5: 賀翔 | C5: ➖ | E5: 磚造與加強磚造 | F5: 114236 | G5: 1041958 | H5: 343713 | I5: 1499907 | K5: 磚造與加強磚造 | L5: 8229 | M5: 26152 | N5: -36169 | O5: -1788 | Q5: 磚造與加強磚造 | R5: 106007 | S5: 1015806 | T5: 379882 | U5: 1501695 | W5: 磚造與加強磚造 | X5: -2447 | Y5: -18186 | Z5: 15984 | AA5: -4649 | AC5: 磚造與加強磚造 | AD5: 108454 | AE5: 1033992 | AF5: 363898 | AG5: 1506344 | AI5: 磚造與加強磚造 | AJ5: 108454 | AK5: 1033992 | AL5: -1146150 | AM5: -3704 | AO5: 磚造與加強磚造 | AP5: 1510048 | AQ5: 1510048 | AS5: 磚造與加強磚造 | AT5: -1495 | AU5: -1495 | AW5: 磚造與加強磚造 | AX5: 1511543 | AY5: 1511543
B6: 尚書 | C6: ➖ | E6: 金屬造 | F6: 913 | G6: 5981 | H6: 25285 | I6: 32179 | K6: 金屬造 | L6: 90 | M6: 561 | N6: -783 | O6: -132 | Q6: 金屬造 | R6: 823 | S6: 5420 | T6: 26068 | U6: 32311 | W6: 金屬造 | X6: -74 | Y6: -569 | Z6: 380 | AA6: -263 | AC6: 金屬造 | AD6: 897 | AE6: 5989 | AF6: 25688 | AG6: 32574 | AI6: 金屬造 | AJ6: 897 | AK6: 5989 | AL6: -7128 | AM6: -242 | AO6: 金屬造 | AP6: 32816 | AQ6: 32816 | AS6: 金屬造 | AT6: 234 | AU6: 234 | AW6: 金屬造 | AX6: 32582 | AY6: 32582
B7: 文琪 | C7: ➖ | E7: 其他 | F7: 49846 | G7: 344840 | H7: 287089 | I7: 681775 | K7: 其他 | L7: 6181 | M7: 24767 | N7: -1458 | O7: 29490 | Q7: 其他 | R7: 43665 | S7: 320073 | T7: 288547 | U7: 652285 | W7: 其他 | X7: -1303 | Y7: 18243 | Z7: 18037 | AA7: 34977 | AC7: 其他 | AD7: 44968 | AE7: 301830 | AF7: 270510 | AG7: 617308 | AI7: 其他 | AJ7: 44968 | AK7: 301830 | AL7: -314396 | AM7: 32402 | AO7: 其他 | AP7: 584906 | AQ7: 584906 | AS7: 其他 | AT7: 43513 | AU7: 43513 | AW7: 其他 | AX7: 541393 | AY7: 541393
B8: 育誠 | C8: ➖ | E8: 總計 | F8: 604312 | G8: 6245790 | H8: 2283840 | I8: 9133942 | K8: 總計 | L8: 47385 | M8: 137895 | N8: -36400 | O8: 148880 | Q8: 總計 | R8: 556927 | S8: 6107895 | T8: 2320240 | U8: 8985062 | W8: 總計 | X8: -14004 | Y8: 98342 | Z8: 47120 | AA8: 131458 | AC8: 總計 | AD8: 570931 | AE8: 6009553 | AF8: 2273120 | AG8: 8853604 | AI8: 總計 | AJ8: 570931 | AK8: 6009553 | AL8: -6452666 | AM8: 127818 | AO8: 總計 | AP8: 8725786 | AQ8: 8725786 | AS8: 總計 | AT8: 278189 | AU8: 278189 | AW8: 總計 | AX8: 8447597 | AY8: 8447597
B9: 會議 | C9: ➖
F10: 低度用電 | G10: 非低度用電 | H10: 總計 | L10: 低度用電 | M10: 非低度用電 | N10: 總計 | R10: 低度用電 | S10: 非低度用電 | T10: 總計 | X10: 低度用電 | Y10: 非低度用電 | Z10: 總計 | AD10: 低度用電 | AE10: 非低度用電 | AF10: 總計 | AJ10: 低度用電 | AK10: 非低度用電 | AL10: 總計 | AP10: 總計 | AT10: 總計 | AX10: 總計
E11: 鋼骨或鋼筋混凝土 | F11: 8.3010161 | G11: 91.698984 | H11: 100 | K11: 鋼骨或鋼筋混凝土 | L11: 0.44426374 | M11: -0.44426374 | N11: 0 | Q11: 鋼骨或鋼筋混凝土 | R11: 7.8567524 | S11: 92.143248 | T11: 100 | W11: 鋼骨或鋼筋混凝土 | X11: -0.33724828 | Y11: 0.33724828 | Z11: 0 | AC11: 鋼骨或鋼筋混凝土 | AD11: 8.1940007 | AE11: 91.805999 | AF11: 100 | AI11: 鋼骨或鋼筋混凝土 | AJ11: 8.1940007 | AK11: 91.805999 | AL11: 100 | AO11: 鋼骨或鋼筋混凝土 | AP11: 0 | AS11: 鋼骨或鋼筋混凝土 | AT11: 0 | AW11: 鋼骨或鋼筋混凝土 | AX11: 0
E12: 磚造與加強磚造 | F12: 9.8803488 | G12: 90.119651 | H12: 100 | K12: 磚造與加強磚造 | L12: 0.43073465 | M12: -0.43073465 | N12: 0 | Q12: 磚造與加強磚造 | R12: 9.4496142 | S12: 90.550386 | T12: 100 | W12: 磚造與加強磚造 | X12: -0.043526006 | Y12: 0.043526006 | Z12: 0 | AC12: 磚造與加強磚造 | AD12: 9.4931402 | AE12: 90.50686 | AF12: 100 | AI12: 磚造與加強磚造 | AJ12: 9.4931402 | AK12: 90.50686 | AL12: 100 | AO12: 磚造與加強磚造 | AP12: 0 | AS12: 磚造與加強磚造 | AT12: 0 | AW12: 磚造與加強磚造 | AX12: 0
E13: 金屬造 | F13: 13.2434 | G13: 86.7566 | H13: 100 | K13: 金屬造 | L13: 0.060635362 | M13: -0.060635362 | N13: 0 | Q13: 金屬造 | R13: 13.182765 | S13: 86.817235 | T13: 100 | W13: 金屬造 | X13: 0.15633426 | Y13: -0.15633426 | Z13: 0 | AC13: 金屬造 | AD13: 13.02643 | AE13: 86.97357 | AF13: 100 | AI13: 金屬造 | AJ13: 13.02643 | AK13: 86.97357 | AL13: 100 | AO13: 金屬造 | AP13: 0 | AS13: 金屬造 | AT13: 0 | AW13: 金屬造 | AX13: 0
E14: 其他 | F14: 12.62928 | G14: 87.37072 | H14: 100 | K14: 其他 | L14: 0.62476025 | M14: -0.62476025 | N14: 0 | Q14: 其他 | R14: 12.00452 | S14: 87.99548 | T14: 100 | W14: 其他 | X14: -0.96210637 | Y14: 0.96210637 | Z14: 0 | AC14: 其他 | AD14: 12.966626 | AE14: 87.033374 | AF14: 100 | AI14: 其他 | AJ14: 12.966626 | AK14: 87.033374 | AL14: 100 | AO14: 其他 | AP14: 0 | AS14: 其他 | AT14: 0 | AW14: 其他 | AX14: 0
E15: 總計 | F15: 8.8219416 | G15: 91.178058 | H15: 100 | K15: 總計 | L15: 0.46572446 | M15: -0.46572446 | N15: 0 | Q15: 總計 | R15: 8.3562172 | S15: 91.643783 | T15: 100 | W15: 總計 | X15: -0.31990757 | Y15: 0.31990757 | Z15: 0 | AC15: 總計 | AD15: 8.6761247 | AE15: 91.323875 | AF15: 100 | AI15: 總計 | AJ15: 8.6761247 | AK15: 91.323875 | AL15: 100 | AO15: 總計 | AP15: 0 | AS15: 總計 | AT15: 0 | AW15: 總計 | AX15: 0
F17: 低度用電 | G17: 非低度用電 | H17: 總計 | L17: 低度用電 | M17: 非低度用電 | N17: 總計 | R17: 低度用電 | S17: 非低度用電 | T17: 總計 | X17: 低度用電 | Y17: 非低度用電 | Z17: 總計 | AD17: 低度用電 | AE17: 非低度用電 | AF17: 總計 | AJ17: 低度用電 | AK17: 非低度用電 | AL17: 總計 | AP17: 總計 | AT17: 總計 | AX17: 總計
E18: 鋼骨或鋼筋混凝土 | F18: 72.697051 | G18: 77.700515 | H18: 77.259112 | K18: 鋼骨或鋼筋混凝土 | L18: -0.28055695 | M18: -0.33939885 | N18: -0.35778425 | Q18: 鋼骨或鋼筋混凝土 | R18: 72.977607 | S18: 78.039914 | T18: 77.616897 | W18: 鋼骨或鋼筋混凝土 | X18: 0.0069682941 | Y18: 0.36788074 | Z18: 0.35276222 | AC18: 鋼骨或鋼筋混凝土 | AD18: 72.970639 | AE18: 77.672033 | AF18: 77.264134 | AI18: 鋼骨或鋼筋混凝土 | AJ18: 72.970639 | AK18: 77.672033 | AL18: 77.264134 | AO18: 鋼骨或鋼筋混凝土 | AP18: 0 | AS18: 鋼骨或鋼筋混凝土 | AT18: 0 | AW18: 鋼骨或鋼筋混凝土 | AX18: 0
E19: 磚造與加強磚造 | F19: 18.90348 | G19: 16.682565 | H19: 16.878493 | K19: 磚造與加強磚造 | L19: -0.13079167 | M19: 0.051532917 | N19: 0.046640823 | Q19: 磚造與加強磚造 | R19: 19.034272 | S19: 16.631032 | T19: 16.831852 | W19: 磚造與加強磚造 | X19: 0.038281237 | Y19: -0.57477303 | Z19: -0.52927182 | AC19: 磚造與加強磚造 | AD19: 18.995991 | AE19: 17.205805 | AF19: 17.361124 | AI19: 磚造與加強磚造 | AJ19: 18.995991 | AK19: 17.205805 | AL19: 17.361124 | AO19: 磚造與加強磚造 | AP19: 0 | AS19: 磚造與加強磚造 | AT19: 0 | AW19: 磚造與加強磚造 | AX19: 0
E20: 金屬造 | F20: 0.1510809 | G20: 0.095760504 | H20: 0.10064084 | K20: 金屬造 | L20: 0.0033056965 | M20: 0.007022895 | N20: 0.0069699184 | Q20: 金屬造 | R20: 0.1477752 | S20: 0.088737609 | T20: 0.093670919 | W20: 金屬造 | X20: -0.009336603 | Y20: -0.010920385 | Z20: -0.01097184 | AC20: 金屬造 | AD20: 0.15711181 | AE20: 0.099657995 | AF20: 0.10464276 | AI20: 金屬造 | AJ20: 0.15711181 | AK20: 0.099657995 | AL20: 0.10464276 | AO20: 金屬造 | AP20: 0 | AS20: 金屬造 | AT20: 0 | AW20: 金屬造 | AX20: 0
E21: 其他 | F21: 8.2483882 | G21: 5.5211591 | H21: 5.7617536 | K21: 其他 | L21: 0.40804293 | M21: 0.28084304 | N21: 0.30417351 | Q21: 其他 | R21: 7.8403453 | S21: 5.240316 | T21: 5.4575801 | W21: 其他 | X21: -0.035912928 | Y21: 0.21781268 | Z21: 0.18748144 | AC21: 其他 | AD21: 7.8762583 | AE21: 5.0225033 | AF21: 5.2700987 | AI21: 其他 | AJ21: 7.8762583 | AK21: 5.0225033 | AL21: 5.2700987 | AO21: 其他 | AP21: 0 | AS21: 其他 | AT21: 0 | AW21: 其他 | AX21: 0
E22: 總計 | F22: 100 | G22: 100 | H22: 100 | K22: 總計 | L22: 0 | M22: 0 | N22: 0 | Q22: 總計 | R22: 100 | S22: 100 | T22: 100 | W22: 總計 | X22: 0 | Y22: 0 | Z22: 0 | AC22: 總計 | AD22: 100 | AE22: 100 | AF22: 100 | AI22: 總計 | AJ22: 100 | AK22: 100 | AL22: 100 | AO22: 總計 | AP22: 0 | AS22: 總計 | AT22: 0 | AW22: 總計 | AX22: 0
F24: 低度用電 | G24: 非低度用電 | H24: 總計 | L24: 低度用電 | M24: 非低度用電 | N24: 總計 | R24: 低度用電 | S24: 非低度用電 | T24: 總計 | X24: 低度用電 | Y24: 非低度用電 | Z24: 總計 | AD24: 低度用電 | AE24: 非低度用電 | AF24: 總計 | AJ24: 低度用電 | AK24: 非低度用電 | AL24: 總計 | AP24: 總計 | AT24: 總計 | AX24: 總計
E25: 鋼骨或鋼筋混凝土 | F25: 6.4132914 | G25: 70.845821 | H25: 77.259112 | K25: 鋼骨或鋼筋混凝土 | L25: 0.315124 | M25: -0.67290825 | N25: -0.35778425 | Q25: 鋼骨或鋼筋混凝土 | R25: 6.0981674 | S25: 71.518729 | T25: 77.616897 | W25: 鋼骨或鋼筋混凝土 | X25: -0.23285631 | Y25: 0.58561854 | Z25: 0.35276222 | AC25: 鋼骨或鋼筋混凝土 | AD25: 6.3310237 | AE25: 70.933111 | AF25: 77.264134 | AI25: 鋼骨或鋼筋混凝土 | AJ25: 6.3310237 | AK25: 70.933111 | AL25: 77.264134 | AO25: 鋼骨或鋼筋混凝土 | AP25: 0 | AS25: 鋼骨或鋼筋混凝土 | AT25: 0 | AW25: 鋼骨或鋼筋混凝土 | AX25: 0
E26: 磚造與加強磚造 | F26: 1.667654 | G26: 15.210839 | H26: 16.878493 | K26: 磚造與加強磚造 | L26: 0.077108896 | M26: -0.030468073 | N26: 0.046640823 | Q26: 磚造與加強磚造 | R26: 1.5905451 | S26: 15.241307 | T26: 16.831852 | W26: 磚造與加強磚造 | X26: -0.057570749 | Y26: -0.47170107 | Z26: -0.52927182 | AC26: 磚造與加強磚造 | AD26: 1.6481159 | AE26: 15.713008 | AF26: 17.361124 | AI26: 磚造與加強磚造 | AJ26: 1.6481159 | AK26: 15.713008 | AL26: 17.361124 | AO26: 磚造與加強磚造 | AP26: 0 | AS26: 磚造與加強磚造 | AT26: 0 | AW26: 磚造與加強磚造 | AX26: 0
E27: 金屬造 | F27: 0.013328269 | G27: 0.087312568 | H27: 0.10064084 | K27: 金屬造 | L27: 0.00097985188 | M27: 0.0059900665 | N27: 0.0069699184 | Q27: 金屬造 | R27: 0.012348417 | S27: 0.081322502 | T27: 0.093670919 | W27: 金屬造 | X27: -0.0012827994 | Y27: -0.0096890407 | Z27: -0.01097184 | AC27: 金屬造 | AD27: 0.013631216 | AE27: 0.091011543 | AF27: 0.10464276 | AI27: 金屬造 | AJ27: 0.013631216 | AK27: 0.091011543 | AL27: 0.10464276 | AO27: 金屬造 | AP27: 0 | AS27: 金屬造 | AT27: 0 | AW27: 金屬造 | AX27: 0
E28: 其他 | F28: 0.727668 | G28: 5.0340856 | H28: 5.7617536 | K28: 其他 | L28: 0.072511715 | M28: 0.23166179 | N28: 0.30417351 | Q28: 其他 | R28: 0.65515628 | S28: 4.8024238 | T28: 5.4575801 | W28: 其他 | X28: -0.028197709 | Y28: 0.21567915 | Z28: 0.18748144 | AC28: 其他 | AD28: 0.68335399 | AE28: 4.5867447 | AF28: 5.2700987 | AI28: 其他 | AJ28: 0.68335399 | AK28: 4.5867447 | AL28: 5.2700987 | AO28: 其他 | AP28: 0 | AS28: 其他 | AT28: 0 | AW28: 其他 | AX28: 0
E29: 總計 | F29: 8.8219416 | G29: 91.178058 | H29: 100 | K29: 總計 | L29: 0.46572446 | M29: -0.46572446 | N29: 0 | Q29: 總計 | R29: 8.3562172 | S29: 91.643783 | T29: 100 | W29: 總計 | X29: -0.31990757 | Y29: 0.31990757 | Z29: 0 | AC29: 總計 | AD29: 8.6761247 | AE29: 91.323875 | AF29: 100 | AI29: 總計 | AJ29: 8.6761247 | AK29: 91.323875 | AL29: 100 | AO29: 總計 | AP29: 0 | AS29: 總計 | AT29: 0 | AW29: 總計 | AX29: 0

Sheet 表 1‑7
A1: 🏠
A2: ⬅ | B2: 人員 | C2: 到此一遊 | E2: 2024年 | F2: 各地區住宅分布－按建物屋齡分 | P2: YOY | Q2: 各地區住宅分布－按建物屋齡分 | AA2: 2023年 | AB2: 各地區住宅分布－按建物屋齡分 | AL2: YOY | AM2: 各地區住宅分布－按建物屋齡分 | AW2: 2022年 | AX2: 各地區住宅分布－按建物屋齡分 | BH2: YOY | BI2: 各地區住宅分布－按建物屋齡分 | BS2: 2021年 | BT2: 各地區住宅分布－按建物屋齡分 | CD2: YOY | CE2: 各地區住宅分布－按建物屋齡分 | CO2: 2020年 | CP2: 各地區住宅分布－按建物屋齡分
A3: ➡ | B3: 宥婕 | C3: ➖ | F3: 0~4年 | G3: 5~9年 | H3: 10~19年 | I3: 20~29年 | J3: 30~39年 | K3: 40~49年 | L3: 50年以上 | M3: 資料缺失 | N3: 總計 | Q3: 0~4年 | R3: 5~9年 | S3: 10~19年 | T3: 20~29年 | U3: 30~39年 | V3: 40~49年 | W3: 50年以上 | X3: 資料缺失 | Y3: 總計 | AB3: 0~4年 | AC3: 5~9年 | AD3: 10~19年 | AE3: 20~29年 | AF3: 30~39年 | AG3: 40~49年 | AH3: 50年以上 | AI3: 資料缺失 | AJ3: 總計 | AM3: 0~4年 | AN3: 5~9年 | AO3: 10~19年 | AP3: 20~29年 | AQ3: 30~39年 | AR3: 40~49年 | AS3: 50年以上 | AT3: 資料缺失 | AU3: 總計 | AX3: 0~4年 | AY3: 5~9年 | AZ3: 10~19年 | BA3: 20~29年 | BB3: 30~39年 | BC3: 40~49年 | BD3: 50年以上 | BE3: 資料缺失 | BF3: 總計 | BI3: 0~4年 | BJ3: 5~9年 | BK3: 10~19年 | BL3: 20~29年 | BM3: 30~39年 | BN3: 40~49年 | BO3: 50年以上 | BP3: 資料缺失 | BQ3: 總計 | BT3: 0~4年 | BU3: 5~9年 | BV3: 10~19年 | BW3: 20~29年 | BX3: 30~39年 | BY3: 40~49年 | BZ3: 50年以上 | CA3: 資料缺失 | CB3: 總計 | CE3: 0~4年 | CF3: 5~9年 | CG3: 10~19年 | CH3: 20~29年 | CI3: 30~39年 | CJ3: 40~49年 | CK3: 50年以上 | CL3: 資料缺失 | CM3: 總計 | CP3: 0~4年 | CQ3: 5~9年 | CR3: 10~19年 | CS3: 20~29年 | CT3: 30~39年 | CU3: 40~49年 | CV3: 50年以上 | CW3: 資料缺失 | CX3: 總計
B4: 瀚平 | C4: ➖ | E4: 臺北市 | F4: 26532 | G4: 34487 | H4: 117751 | I4: 134753 | J4: 196234 | K4: 411911 | L4: 158974 | M4: 56003 | N4: 1136645 | P4: 臺北市 | Q4: 846 | R4: -712 | S4: -3549 | T4: -6093 | U4: -30951 | V4: 29244 | W4: 28119 | X4: -11118 | Y4: 5786 | AA4: 臺北市 | AB4: 25686 | AC4: 35199 | AD4: 121300 | AE4: 140846 | AF4: 227185 | AG4: 382667 | AH4: 130855 | AI4: 67121 | AJ4: 1130859 | AL4: 臺北市 | AM4: 802 | AN4: -361 | AO4: -1743 | AP4: -3345 | AQ4: -35719 | AR4: 40360 | AS4: 30979 | AT4: -25519 | AU4: 5454 | AW4: 臺北市 | AX4: 24884 | AY4: 35560 | AZ4: 123043 | BA4: 144191 | BB4: 262904 | BC4: 342307 | BD4: 99876 | BE4: 92640 | BF4: 1125405 | BH4: 臺北市 | BI4: -696 | BJ4: -2314 | BK4: -746 | BL4: -2133 | BM4: -25598 | BN4: 48986 | BO4: 29883 | BP4: -43515 | BQ4: 3867 | BS4: 臺北市 | BT4: 25580 | BU4: 37874 | BV4: 123789 | BW4: 146324 | BX4: 288502 | BY4: 293321 | BZ4: 69993 | CA4: 136155 | CB4: 1121538 | CD4: 臺北市 | CE4: -194 | CF4: 2589 | CG4: 11354 | CH4: 6337 | CI4: -12511 | CJ4: 61375 | CK4: 19809 | CL4: -41985 | CM4: 46774 | CO4: 臺北市 | CP4: 25774 | CQ4: 35285 | CR4: 112435 | CS4: 139987 | CT4: 301013 | CU4: 231946 | CV4: 50184 | CW4: 178140 | CX4: 1074764
B5: 賀翔 | C5: ➖ | E5: 新北市 | F5: 85663 | G5: 111611 | H5: 249549 | I5: 429567 | J5: 360756 | K5: 419502 | L5: 99956 | M5: 125163 | N5: 1881767 | P5: 新北市 | Q5: -1896 | R5: 7564 | S5: 2536 | T5: -63711 | U5: 46813 | V5: 8284 | W5: 22605 | X5: -690 | Y5: 21505 | AA5: 新北市 | AB5: 87559 | AC5: 104047 | AD5: 247013 | AE5: 493278 | AF5: 313943 | AG5: 411218 | AH5: 77351 | AI5: 125853 | AJ5: 1860262 | AL5: 新北市 | AM5: -4000 | AN5: 5673 | AO5: 5207 | AP5: -31732 | AQ5: 12169 | AR5: 14794 | AS5: 18548 | AT5: -724 | AU5: 19935 | AW5: 新北市 | AX5: 91559 | AY5: 98374 | AZ5: 241806 | BA5: 525010 | BB5: 301774 | BC5: 396424 | BD5: 58803 | BE5: 126577 | BF5: 1840327 | BH5: 新北市 | BI5: -6037 | BJ5: 6829 | BK5: 4367 | BL5: -17295 | BM5: 5959 | BN5: 16751 | BO5: 11377 | BP5: -2940 | BQ5: 19011 | BS5: 新北市 | BT5: 97596 | BU5: 91545 | BV5: 237439 | BW5: 542305 | BX5: 295815 | BY5: 379673 | BZ5: 47426 | CA5: 129517 | CB5: 1821316 | CD5: 新北市 | CE5: -1030 | CF5: 8051 | CG5: 3357 | CH5: 18434 | CI5: -36037 | CJ5: 60258 | CK5: 8548 | CL5: -2581 | CM5: 59000 | CO5: 新北市 | CP5: 98626 | CQ5: 83494 | CR5: 234082 | CS5: 523871 | CT5: 331852 | CU5: 319415 | CV5: 38878 | CW5: 132098 | CX5: 1762316
B6: 尚書 | C6: ➖ | E6: 桃園市 | F6: 82411 | G6: 78783 | H6: 162278 | I6: 234461 | J6: 178219 | K6: 173050 | L6: 39314 | M6: 6334 | N6: 954850 | P6: 桃園市 | Q6: 6652 | R6: -2186 | S6: -1554 | T6: -26779 | U6: 38980 | V6: -1290 | W6: 8894 | X6: -154 | Y6: 22563 | AA6: 桃園市 | AB6: 75759 | AC6: 80969 | AD6: 163832 | AE6: 261240 | AF6: 139239 | AG6: 174340 | AH6: 30420 | AI6: 6488 | AJ6: 932287 | AL6: 桃園市 | AM6: 6379 | AN6: -2473 | AO6: -3967 | AP6: -19967 | AQ6: 29486 | AR6: -178 | AS6: 9231 | AT6: -281 | AU6: 18230 | AW6: 桃園市 | AX6: 69380 | AY6: 83442 | AZ6: 167799 | BA6: 281207 | BB6: 109753 | BC6: 174518 | BD6: 21189 | BE6: 6769 | BF6: 914057 | BH6: 桃園市 | BI6: 8711 | BJ6: -1751 | BK6: -1749 | BL6: -8354 | BM6: 6512 | BN6: 11109 | BO6: 4978 | BP6: -315 | BQ6: 19141 | BS6: 桃園市 | BT6: 60669 | BU6: 85193 | BV6: 169548 | BW6: 289561 | BX6: 103241 | BY6: 163409 | BZ6: 16211 | CA6: 7084 | CB6: 894916 | CD6: 桃園市 | CE6: 556 | CF6: 3739 | CG6: 5218 | CH6: 11959 | CI6: -32032 | CJ6: 41643 | CK6: 3928 | CL6: 1208 | CM6: 36219 | CO6: 桃園市 | CP6: 60113 | CQ6: 81454 | CR6: 164330 | CS6: 277602 | CT6: 135273 | CU6: 121766 | CV6: 12283 | CW6: 5876 | CX6: 858697
B7: 文琪 | C7: ➖ | E7: 臺中市 | F7: 93629 | G7: 77003 | H7: 154052 | I7: 239451 | J7: 314465 | K7: 203685 | L7: 58888 | M7: 9567 | N7: 1150740 | P7: 臺中市 | Q7: 9721 | R7: -2051 | S7: 2910 | T7: -60666 | U7: 59017 | V7: 8176 | W7: 9748 | X7: -83 | Y7: 26772 | AA7: 臺中市 | AB7: 83908 | AC7: 79054 | AD7: 151142 | AE7: 300117 | AF7: 255448 | AG7: 195509 | AH7: 49140 | AI7: 9650 | AJ7: 1123968 | AL7: 臺中市 | AM7: 8207 | AN7: 1111 | AO7: 2570 | AP7: -46778 | AQ7: 40873 | AR7: 4038 | AS7: 11354 | AT7: -179 | AU7: 21196 | AW7: 臺中市 | AX7: 75701 | AY7: 77943 | AZ7: 148572 | BA7: 346895 | BB7: 214575 | BC7: 191471 | BD7: 37786 | BE7: 9829 | BF7: 1102772 | BH7: 臺中市 | BI7: 7724 | BJ7: 2091 | BK7: 4200 | BL7: -30004 | BM7: 19776 | BN7: 11929 | BO7: 7124 | BP7: -138 | BQ7: 22702 | BS7: 臺中市 | BT7: 67977 | BU7: 75852 | BV7: 144372 | BW7: 376899 | BX7: 194799 | BY7: 179542 | BZ7: 30662 | CA7: 9967 | CB7: 1080070 | CD7: 臺中市 | CE7: 3371 | CF7: 5238 | CG7: 374 | CH7: -10275 | CI7: -186 | CJ7: 27356 | CK7: 6400 | CL7: 1170 | CM7: 33448 | CO7: 臺中市 | CP7: 64606 | CQ7: 70614 | CR7: 143998 | CS7: 387174 | CT7: 194985 | CU7: 152186 | CV7: 24262 | CW7: 8797 | CX7: 1046622
B8: 育誠 | C8: ➖ | E8: 臺南市 | F8: 53973 | G8: 44982 | H8: 74316 | I8: 130520 | J8: 183348 | K8: 152191 | L8: 40287 | M8: 9713 | N8: 689330 | P8: 臺南市 | Q8: 7630 | R8: 1103 | S8: -3079 | T8: -25275 | U8: 22089 | V8: 8008 | W8: 5718 | X8: -102 | Y8: 16092 | AA8: 臺南市 | AB8: 46343 | AC8: 43879 | AD8: 77395 | AE8: 155795 | AF8: 161259 | AG8: 144183 | AH8: 34569 | AI8: 9815 | AJ8: 673238 | AL8: 臺南市 | AM8: 2526 | AN8: 2841 | AO8: 90 | AP8: -25449 | AQ8: 17741 | AR8: 9562 | AS8: 5346 | AT8: -158 | AU8: 12499 | AW8: 臺南市 | AX8: 43817 | AY8: 41038 | AZ8: 77305 | BA8: 181244 | BB8: 143518 | BC8: 134621 | BD8: 29223 | BE8: 9973 | BF8: 660739 | BH8: 臺南市 | BI8: 1806 | BJ8: 3010 | BK8: 588 | BL8: -16558 | BM8: 5142 | BN8: 14372 | BO8: 3213 | BP8: -356 | BQ8: 11217 | BS8: 臺南市 | BT8: 42011 | BU8: 38028 | BV8: 76717 | BW8: 197802 | BX8: 138376 | BY8: 120249 | BZ8: 26010 | CA8: 10329 | CB8: 649522 | CD8: 臺南市 | CE8: 2993 | CF8: 1456 | CG8: 1896 | CH8: -6773 | CI8: -13909 | CJ8: 29455 | CK8: 3034 | CL8: -17 | CM8: 18135 | CO8: 臺南市 | CP8: 39018 | CQ8: 36572 | CR8: 74821 | CS8: 204575 | CT8: 152285 | CU8: 90794 | CV8: 22976 | CW8: 10346 | CX8: 631387
B9: 會議 | C9: ➖ | E9: 高雄市 | F9: 70928 | G9: 52702 | H9: 132812 | I9: 208646 | J9: 256244 | K9: 258281 | L9: 101730 | M9: 4580 | N9: 1085923 | P9: 高雄市 | Q9: 8938 | R9: -5266 | S9: -5452 | T9: -35558 | U9: 30815 | V9: 7752 | W9: 15901 | X9: -70 | Y9: 17060 | AA9: 高雄市 | AB9: 61990 | AC9: 57968 | AD9: 138264 | AE9: 244204 | AF9: 225429 | AG9: 250529 | AH9: 85829 | AI9: 4650 | AJ9: 1068863 | AL9: 高雄市 | AM9: 4758 | AN9: 3201 | AO9: -1945 | AP9: -24256 | AQ9: 14696 | AR9: 6521 | AS9: 14070 | AT9: -116 | AU9: 16929 | AW9: 高雄市 | AX9: 57232 | AY9: 54767 | AZ9: 140209 | BA9: 268460 | BB9: 210733 | BC9: 244008 | BD9: 71759 | BE9: 4766 | BF9: 1051934 | BH9: 高雄市 | BI9: 6809 | BJ9: -3582 | BK9: 3235 | BL9: -17550 | BM9: 3115 | BN9: 13196 | BO9: 10133 | BP9: -37 | BQ9: 15319 | BS9: 高雄市 | BT9: 50423 | BU9: 58349 | BV9: 136974 | BW9: 286010 | BX9: 207618 | BY9: 230812 | BZ9: 61626 | CA9: 4803 | CB9: 1036615 | CD9: 高雄市 | CE9: 3278 | CF9: 3003 | CG9: 368 | CH9: -5471 | CI9: -17498 | CJ9: 25190 | CK9: 13772 | CL9: 1448 | CM9: 24090 | CO9: 高雄市 | CP9: 47145 | CQ9: 55346 | CR9: 136606 | CS9: 291481 | CT9: 225116 | CU9: 205622 | CV9: 47854 | CW9: 3355 | CX9: 1012525
E10: 基隆市 | F10: 5127 | G10: 7196 | H10: 10865 | I10: 55798 | J10: 32632 | K10: 45629 | L10: 17007 | M10: 2359 | N10: 176613 | P10: 基隆市 | Q10: 824 | R10: 503 | S10: -500 | T10: -6521 | U10: 5355 | V10: -7 | W10: 2056 | X10: -15 | Y10: 1695 | AA10: 基隆市 | AB10: 4303 | AC10: 6693 | AD10: 11365 | AE10: 62319 | AF10: 27277 | AG10: 45636 | AH10: 14951 | AI10: 2374 | AJ10: 174918 | AL10: 基隆市 | AM10: 1157 | AN10: -1048 | AO10: 1094 | AP10: -4856 | AQ10: 586 | AR10: 2339 | AS10: 2274 | AT10: -12 | AU10: 1534 | AW10: 基隆市 | AX10: 3146 | AY10: 7741 | AZ10: 10271 | BA10: 67175 | BB10: 26691 | BC10: 43297 | BD10: 12677 | BE10: 2386 | BF10: 173384 | BH10: 基隆市 | BI10: -1320 | BJ10: 1688 | BK10: 416 | BL10: -2473 | BM10: -2531 | BN10: 3780 | BO10: 1656 | BP10: -45 | BQ10: 1171 | BS10: 基隆市 | BT10: 4466 | BU10: 6053 | BV10: 9855 | BW10: 69648 | BX10: 29222 | BY10: 39517 | BZ10: 11021 | CA10: 2431 | CB10: 172213 | CD10: 基隆市 | CE10: -1951 | CF10: 1810 | CG10: 417 | CH10: 548 | CI10: -3893 | CJ10: 7363 | CK10: 1322 | CL10: 322 | CM10: 5938 | CO10: 基隆市 | CP10: 6417 | CQ10: 4243 | CR10: 9438 | CS10: 69100 | CT10: 33115 | CU10: 32154 | CV10: 9699 | CW10: 2109 | CX10: 166275
E11: 新竹市 | F11: 13965 | G11: 13094 | H11: 39320 | I11: 45659 | J11: 33836 | K11: 20739 | L11: 6687 | M11: 22708 | N11: 196008 | P11: 新竹市 | Q11: 437 | R11: -814 | S11: 1106 | T11: -4744 | U11: 5158 | V11: 831 | W11: 1284 | X11: -42 | Y11: 3216 | AA11: 新竹市 | AB11: 13528 | AC11: 13908 | AD11: 38214 | AE11: 50403 | AF11: 28678 | AG11: 19908 | AH11: 5403 | AI11: 22750 | AJ11: 192792 | AL11: 新竹市 | AM11: 1102 | AN11: -1889 | AO11: 2014 | AP11: -4031 | AQ11: 3822 | AR11: 728 | AS11: 1381 | AT11: -130 | AU11: 2997 | AW11: 新竹市 | AX11: 12426 | AY11: 15797 | AZ11: 36200 | BA11: 54434 | BB11: 24856 | BC11: 19180 | BD11: 4022 | BE11: 22880 | BF11: 189795 | BH11: 新竹市 | BI11: 168 | BJ11: -1166 | BK11: 1748 | BL11: -2281 | BM11: 1349 | BN11: 762 | BO11: 1316 | BP11: -105 | BQ11: 1791 | BS11: 新竹市 | BT11: 12258 | BU11: 16963 | BV11: 34452 | BW11: 56715 | BX11: 23507 | BY11: 18418 | BZ11: 2706 | CA11: 22985 | CB11: 188004 | CD11: 新竹市 | CE11: 1274 | CF11: -733 | CG11: 3444 | CH11: 339 | CI11: 1341 | CJ11: 2365 | CK11: 1047 | CL11: 557 | CM11: 9634 | CO11: 新竹市 | CP11: 10984 | CQ11: 17696 | CR11: 31008 | CS11: 56376 | CT11: 22166 | CU11: 16053 | CV11: 1659 | CW11: 22428 | CX11: 178370
E12: 新竹縣 | F12: 24142 | G12: 27540 | H12: 55961 | I12: 40768 | J12: 24956 | K12: 11716 | L12: 5474 | M12: 30045 | N12: 220602 | P12: 新竹縣 | Q12: 981 | R12: -445 | S12: -1557 | T12: -597 | U12: 7217 | V12: -41 | W12: 662 | X12: -55 | Y12: 6165 | AA12: 新竹縣 | AB12: 23161 | AC12: 27985 | AD12: 57518 | AE12: 41365 | AF12: 17739 | AG12: 11757 | AH12: 4812 | AI12: 30100 | AJ12: 214437 | AL12: 新竹縣 | AM12: 769 | AN12: 607 | AO12: 1490 | AP12: -4440 | AQ12: 6722 | AR12: 423 | AS12: 395 | AT12: -24 | AU12: 5942 | AW12: 新竹縣 | AX12: 22392 | AY12: 27378 | AZ12: 56028 | BA12: 45805 | BB12: 11017 | BC12: 11334 | BD12: 4417 | BE12: 30124 | BF12: 208495 | BH12: 新竹縣 | BI12: 1135 | BJ12: -2335 | BK12: 3430 | BL12: -1932 | BM12: 4073 | BN12: 814 | BO12: 298 | BP12: -640 | BQ12: 4843 | BS12: 新竹縣 | BT12: 21257 | BU12: 29713 | BV12: 52598 | BW12: 47737 | BX12: 6944 | BY12: 10520 | BZ12: 4119 | CA12: 30764 | CB12: 203652 | CD12: 新竹縣 | CE12: -740 | CF12: 1800 | CG12: 4600 | CH12: 2633 | CI12: -880 | CJ12: 2076 | CK12: 405 | CL12: 346 | CM12: 10240 | CO12: 新竹縣 | CP12: 21997 | CQ12: 27913 | CR12: 47998 | CS12: 45104 | CT12: 7824 | CU12: 8444 | CV12: 3714 | CW12: 30418 | CX12: 193412
E13: 宜蘭縣 | F13: 12876 | G13: 13823 | H13: 25663 | I13: 34419 | J13: 33130 | K13: 44019 | L13: 11954 | M13: 8633 | N13: 184517 | P13: 宜蘭縣 | Q13: 332 | R13: -643 | S13: 1371 | T13: -6628 | U13: 6324 | V13: 792 | W13: 1664 | X13: -69 | Y13: 3143 | AA13: 宜蘭縣 | AB13: 12544 | AC13: 14466 | AD13: 24292 | AE13: 41047 | AF13: 26806 | AG13: 43227 | AH13: 10290 | AI13: 8702 | AJ13: 181374 | AL13: 宜蘭縣 | AM13: 859 | AN13: -237 | AO13: 1548 | AP13: -6039 | AQ13: 3412 | AR13: 2310 | AS13: 1497 | AT13: -127 | AU13: 3223 | AW13: 宜蘭縣 | AX13: 11685 | AY13: 14703 | AZ13: 22744 | BA13: 47086 | BB13: 23394 | BC13: 40917 | BD13: 8793 | BE13: 8829 | BF13: 178151 | BH13: 宜蘭縣 | BI13: 168 | BJ13: 210 | BK13: 1340 | BL13: -2270 | BM13: -659 | BN13: 2984 | BO13: 1032 | BP13: -93 | BQ13: 2712 | BS13: 宜蘭縣 | BT13: 11517 | BU13: 14493 | BV13: 21404 | BW13: 49356 | BX13: 24053 | BY13: 37933 | BZ13: 7761 | CA13: 8922 | CB13: 175439 | CD13: 宜蘭縣 | CE13: 165 | CF13: 555 | CG13: 2046 | CH13: 542 | CI13: -6584 | CJ13: 8531 | CK13: 1058 | CL13: 205 | CM13: 6518 | CO13: 宜蘭縣 | CP13: 11352 | CQ13: 13938 | CR13: 19358 | CS13: 48814 | CT13: 30637 | CU13: 29402 | CV13: 6703 | CW13: 8717 | CX13: 168921
E14: 苗栗縣 | F14: 12002 | G14: 16652 | H14: 23745 | I14: 31570 | J14: 34152 | K14: 33031 | L14: 8162 | M14: 18017 | N14: 177331 | P14: 苗栗縣 | Q14: 710 | R14: 271 | S14: -260 | T14: -4211 | U14: 4605 | V14: 3744 | W14: 1530 | X14: -3213 | Y14: 3176 | AA14: 苗栗縣 | AB14: 11292 | AC14: 16381 | AD14: 24005 | AE14: 35781 | AF14: 29547 | AG14: 29287 | AH14: 6632 | AI14: 21230 | AJ14: 174155 | AL14: 苗栗縣 | AM14: 205 | AN14: 285 | AO14: 818 | AP14: -4863 | AQ14: 3993 | AR14: 1913 | AS14: 853 | AT14: -260 | AU14: 2944 | AW14: 苗栗縣 | AX14: 11087 | AY14: 16096 | AZ14: 23187 | BA14: 40644 | BB14: 25554 | BC14: 27374 | BD14: 5779 | BE14: 21490 | BF14: 171211 | BH14: 苗栗縣 | BI14: -746 | BJ14: 1190 | BK14: 1220 | BL14: -343 | BM14: 547 | BN14: 4578 | BO14: 701 | BP14: 484 | BQ14: 7631 | BS14: 苗栗縣 | BT14: 11833 | BU14: 14906 | BV14: 21967 | BW14: 40987 | BX14: 25007 | BY14: 22796 | BZ14: 5078 | CA14: 21006 | CB14: 163580 | CD14: 苗栗縣 | CE14: -1962 | CF14: 2363 | CG14: 332 | CH14: -1233 | CI14: -3891 | CJ14: 4502 | CK14: 288 | CL14: -325 | CM14: 74 | CO14: 苗栗縣 | CP14: 13795 | CQ14: 12543 | CR14: 21635 | CS14: 42220 | CT14: 28898 | CU14: 18294 | CV14: 4790 | CW14: 21331 | CX14: 163506
E15: 彰化縣 | F15: 20476 | G15: 18621 | H15: 31429 | I15: 61292 | J15: 80080 | K15: 79866 | L15: 18821 | M15: 2041 | N15: 312626 | P15: 彰化縣 | Q15: 1885 | R15: 1018 | S15: 338 | T15: -12700 | U15: 10051 | V15: 2429 | W15: 3310 | X15: 19 | Y15: 6350 | AA15: 彰化縣 | AB15: 18591 | AC15: 17603 | AD15: 31091 | AE15: 73992 | AF15: 70029 | AG15: 77437 | AH15: 15511 | AI15: 2022 | AJ15: 306276 | AL15: 彰化縣 | AM15: 1005 | AN15: 491 | AO15: 961 | AP15: -11411 | AQ15: 8029 | AR15: 2867 | AS15: 2904 | AT15: -52 | AU15: 4794 | AW15: 彰化縣 | AX15: 17586 | AY15: 17112 | AZ15: 30130 | BA15: 85403 | BB15: 62000 | BC15: 74570 | BD15: 12607 | BE15: 2074 | BF15: 301482 | BH15: 彰化縣 | BI15: 1373 | BJ15: 566 | BK15: 1415 | BL15: -6460 | BM15: 1978 | BN15: 4528 | BO15: 1941 | BP15: -37 | BQ15: 5304 | BS15: 彰化縣 | BT15: 16213 | BU15: 16546 | BV15: 28715 | BW15: 91863 | BX15: 60022 | BY15: 70042 | BZ15: 10666 | CA15: 2111 | CB15: 296178 | CD15: 彰化縣 | CE15: 171 | CF15: 745 | CG15: -32 | CH15: -3812 | CI15: -5631 | CJ15: 12628 | CK15: 1287 | CL15: 553 | CM15: 5909 | CO15: 彰化縣 | CP15: 16042 | CQ15: 15801 | CR15: 28747 | CS15: 95675 | CT15: 65653 | CU15: 57414 | CV15: 9379 | CW15: 1558 | CX15: 290269
E16: 南投縣 | F16: 6796 | G16: 6171 | H16: 12501 | I16: 31368 | J16: 31592 | K16: 31739 | L16: 8885 | M16: 1748 | N16: 130800 | P16: 南投縣 | Q16: 668 | R16: 87 | S16: -1657 | T16: -4411 | U16: 5220 | V16: 696 | W16: 1330 | X16: -27 | Y16: 1906 | AA16: 南投縣 | AB16: 6128 | AC16: 6084 | AD16: 14158 | AE16: 35779 | AF16: 26372 | AG16: 31043 | AH16: 7555 | AI16: 1775 | AJ16: 128894 | AL16: 南投縣 | AM16: 360 | AN16: 214 | AO16: -625 | AP16: -3029 | AQ16: 3009 | AR16: 1180 | AS16: 943 | AT16: -6 | AU16: 2046 | AW16: 南投縣 | AX16: 5768 | AY16: 5870 | AZ16: 14783 | BA16: 38808 | BB16: 23363 | BC16: 29863 | BD16: 6612 | BE16: 1781 | BF16: 126848 | BH16: 南投縣 | BI16: 458 | BJ16: 333 | BK16: -1483 | BL16: -627 | BM16: 728 | BN16: 1779 | BO16: 668 | BP16: -17 | BQ16: 1839 | BS16: 南投縣 | BT16: 5310 | BU16: 5537 | BV16: 16266 | BW16: 39435 | BX16: 22635 | BY16: 28084 | BZ16: 5944 | CA16: 1798 | CB16: 125009 | CD16: 南投縣 | CE16: 13 | CF16: -32 | CG16: -3868 | CH16: 2754 | CI16: -1563 | CJ16: 3914 | CK16: 602 | CL16: 372 | CM16: 2192 | CO16: 南投縣 | CP16: 5297 | CQ16: 5569 | CR16: 20134 | CS16: 36681 | CT16: 24198 | CU16: 24170 | CV16: 5342 | CW16: 1426 | CX16: 122817
E17: 雲林縣 | F17: 12606 | G17: 10374 | H17: 18389 | I17: 36427 | J17: 37071 | K17: 37899 | L17: 8708 | M17: 1176 | N17: 162650 | P17: 雲林縣 | Q17: 1071 | R17: 421 | S17: -17 | T17: -7933 | U17: 7375 | V17: 2101 | W17: 945 | X17: -36 | Y17: 3927 | AA17: 雲林縣 | AB17: 11535 | AC17: 9953 | AD17: 18406 | AE17: 44360 | AF17: 29696 | AG17: 35798 | AH17: 7763 | AI17: 1212 | AJ17: 158723 | AL17: 雲林縣 | AM17: 1133 | AN17: 520 | AO17: -57 | AP17: -4688 | AQ17: 3903 | AR17: 2167 | AS17: 685 | AT17: 18 | AU17: 3681 | AW17: 雲林縣 | AX17: 10402 | AY17: 9433 | AZ17: 18463 | BA17: 49048 | BB17: 25793 | BC17: 33631 | BD17: 7078 | BE17: 1194 | BF17: 155042 | BH17: 雲林縣 | BI17: 1135 | BJ17: -59 | BK17: 161 | BL17: -2712 | BM17: 633 | BN17: 3471 | BO17: 502 | BP17: -57 | BQ17: 3074 | BS17: 雲林縣 | BT17: 9267 | BU17: 9492 | BV17: 18302 | BW17: 51760 | BX17: 25160 | BY17: 30160 | BZ17: 6576 | CA17: 1251 | CB17: 151968 | CD17: 雲林縣 | CE17: 297 | CF17: 439 | CG17: -732 | CH17: 491 | CI17: -5521 | CJ17: 8265 | CK17: 328 | CL17: 454 | CM17: 4021 | CO17: 雲林縣 | CP17: 8970 | CQ17: 9053 | CR17: 19034 | CS17: 51269 | CT17: 30681 | CU17: 21895 | CV17: 6248 | CW17: 797 | CX17: 147947
E18: 嘉義市 | F18: 4415 | G18: 3919 | H18: 9515 | I18: 21919 | J18: 35001 | K18: 20690 | L18: 13261 | M18: 558 | N18: 109278 | P18: 嘉義市 | Q18: 494 | R18: -17 | S18: -2769 | T18: -2620 | U18: 3636 | V18: 790 | W18: 1721 | X18: 7 | Y18: 1242 | AA18: 嘉義市 | AB18: 3921 | AC18: 3936 | AD18: 12284 | AE18: 24539 | AF18: 31365 | AG18: 19900 | AH18: 11540 | AI18: 551 | AJ18: 108036 | AL18: 嘉義市 | AM18: 19 | AN18: 105 | AO18: -1016 | AP18: -6793 | AQ18: 6834 | AR18: 135 | AS18: 1468 | AT18: -17 | AU18: 735 | AW18: 嘉義市 | AX18: 3902 | AY18: 3831 | AZ18: 13300 | BA18: 31332 | BB18: 24531 | BC18: 19765 | BD18: 10072 | BE18: 568 | BF18: 107301 | BH18: 嘉義市 | BI18: 227 | BJ18: -345 | BK18: 369 | BL18: -3837 | BM18: 2710 | BN18: 360 | BO18: 1333 | BP18: -17 | BQ18: 800 | BS18: 嘉義市 | BT18: 3675 | BU18: 4176 | BV18: 12931 | BW18: 35169 | BX18: 21821 | BY18: 19405 | BZ18: 8739 | CA18: 585 | CB18: 106501 | CD18: 嘉義市 | CE18: -37 | CF18: 251 | CG18: -33 | CH18: -1098 | CI18: 887 | CJ18: 1649 | CK18: 1062 | CL18: 105 | CM18: 2786 | CO18: 嘉義市 | CP18: 3712 | CQ18: 3925 | CR18: 12964 | CS18: 36267 | CT18: 20934 | CU18: 17756 | CV18: 7677 | CW18: 480 | CX18: 103715
E19: 嘉義縣 | F19: 6501 | G19: 6452 | H19: 13565 | I19: 24704 | J19: 27167 | K19: 35390 | L19: 5152 | M19: 2127 | N19: 121058 | P19: 嘉義縣 | Q19: 132 | R19: 198 | S19: -704 | T19: -3485 | U19: 3302 | V19: 1839 | W19: 402 | X19: -32 | Y19: 1652 | AA19: 嘉義縣 | AB19: 6369 | AC19: 6254 | AD19: 14269 | AE19: 28189 | AF19: 23865 | AG19: 33551 | AH19: 4750 | AI19: 2159 | AJ19: 119406 | AL19: 嘉義縣 | AM19: 938 | AN19: 17 | AO19: -461 | AP19: -4793 | AQ19: 3497 | AR19: 2777 | AS19: 310 | AT19: 1 | AU19: 2286 | AW19: 嘉義縣 | AX19: 5431 | AY19: 6237 | AZ19: 14730 | BA19: 32982 | BB19: 20368 | BC19: 30774 | BD19: 4440 | BE19: 2158 | BF19: 117120 | BH19: 嘉義縣 | BI19: -200 | BJ19: 412 | BK19: -742 | BL19: -1471 | BM19: -671 | BN19: 3866 | BO19: 277 | BP19: -48 | BQ19: 1423 | BS19: 嘉義縣 | BT19: 5631 | BU19: 5825 | BV19: 15472 | BW19: 34453 | BX19: 21039 | BY19: 26908 | BZ19: 4163 | CA19: 2206 | CB19: 115697 | CD19: 嘉義縣 | CE19: 135 | CF19: 22 | CG19: 179 | CH19: -559 | CI19: -6903 | CJ19: 8906 | CK19: 132 | CL19: 401 | CM19: 2313 | CO19: 嘉義縣 | CP19: 5496 | CQ19: 5803 | CR19: 15293 | CS19: 35012 | CT19: 27942 | CU19: 18002 | CV19: 4031 | CW19: 1805 | CX19: 113384
E20: 屏東縣 | F20: 12941 | G20: 9135 | H20: 19353 | I20: 40873 | J20: 63241 | K20: 51797 | L20: 11274 | M20: 9462 | N20: 218076 | P20: 屏東縣 | Q20: 1233 | R20: -378 | S20: -2092 | T20: -10953 | U20: 10479 | V20: 3734 | W20: 1697 | X20: -25 | Y20: 3695 | AA20: 屏東縣 | AB20: 11708 | AC20: 9513 | AD20: 21445 | AE20: 51826 | AF20: 52762 | AG20: 48063 | AH20: 9577 | AI20: 9487 | AJ20: 214381 | AL20: 屏東縣 | AM20: 1692 | AN20: 262 | AO20: -572 | AP20: -8017 | AQ20: 5322 | AR20: 4121 | AS20: 1079 | AT20: -97 | AU20: 3790 | AW20: 屏東縣 | AX20: 10016 | AY20: 9251 | AZ20: 22017 | BA20: 59843 | BB20: 47440 | BC20: 43942 | BD20: 8498 | BE20: 9584 | BF20: 210591 | BH20: 屏東縣 | BI20: 1606 | BJ20: -105 | BK20: -111 | BL20: -4542 | BM20: 260 | BN20: 5631 | BO20: 666 | BP20: -123 | BQ20: 3282 | BS20: 屏東縣 | BT20: 8410 | BU20: 9356 | BV20: 22128 | BW20: 64385 | BX20: 47180 | BY20: 38311 | BZ20: 7832 | CA20: 9707 | CB20: 207309 | CD20: 屏東縣 | CE20: 635 | CF20: -400 | CG20: 504 | CH20: -2727 | CI20: -4259 | CJ20: 8419 | CK20: 818 | CL20: 617 | CM20: 3607 | CO20: 屏東縣 | CP20: 7775 | CQ20: 9756 | CR20: 21624 | CS20: 67112 | CT20: 51439 | CU20: 29892 | CV20: 7014 | CW20: 9090 | CX20: 203702
E21: 澎湖縣 | F21: 2104 | G21: 2181 | H21: 3706 | I21: 5014 | J21: 4361 | K21: 5999 | L21: 3726 | M21: 3003 | N21: 30094 | P21: 澎湖縣 | Q21: -31 | R21: 12 | S21: 141 | T21: -414 | U21: -196 | V21: 730 | W21: 134 | X21: -36 | Y21: 340 | AA21: 澎湖縣 | AB21: 2135 | AC21: 2169 | AD21: 3565 | AE21: 5428 | AF21: 4557 | AG21: 5269 | AH21: 3592 | AI21: 3039 | AJ21: 29754 | AL21: 澎湖縣 | AM21: 25 | AN21: 283 | AO21: -59 | AP21: -319 | AQ21: 24 | AR21: 435 | AS21: 156 | AT21: -43 | AU21: 502 | AW21: 澎湖縣 | AX21: 2110 | AY21: 1886 | AZ21: 3624 | BA21: 5747 | BB21: 4533 | BC21: 4834 | BD21: 3436 | BE21: 3082 | BF21: 29252 | BH21: 澎湖縣 | BI21: 7 | BJ21: 225 | BK21: 29 | BL21: -273 | BM21: 41 | BN21: 249 | BO21: 196 | BP21: -17 | BQ21: 457 | BS21: 澎湖縣 | BT21: 2103 | BU21: 1661 | BV21: 3595 | BW21: 6020 | BX21: 4492 | BY21: 4585 | BZ21: 3240 | CA21: 3099 | CB21: 28795 | CD21: 澎湖縣 | CE21: 72 | CF21: 76 | CG21: -86 | CH21: 218 | CI21: -645 | CJ21: 853 | CK21: 112 | CL21: 20 | CM21: 620 | CO21: 澎湖縣 | CP21: 2031 | CQ21: 1585 | CR21: 3681 | CS21: 5802 | CT21: 5137 | CU21: 3732 | CV21: 3128 | CW21: 3079 | CX21: 28175
... E26: 總計 | F26: 558209 | G26: 546655 | H26: 1173732 | I26: 1847204 | J26: 1972236 | K26: 2082704 | L26: 631506 | M26: 321696 | N26: 9133942 | P26: 總計 | Q26: 41204 | R26: -1485 | S26: -15065 | T26: -290956 | U26: 240668 | V26: 80791 | W26: 109507 | X26: -15784 | Y26: 148880 | AA26: 總計 | AB26: 517005 | AC26: 548140 | AD26: 1188797 | AE26: 2138160 | AF26: 1731568 | AG26: 2001913 | AH26: 521999 | AI26: 337480 | AJ26: 8985062 | AL26: 總計 | AM26: 28113 | AN26: 10182 | AO26: 5372 | AP26: -220771 | AQ26: 131269 | AR26: 99294 | AS26: 105779 | AT26: -27780 | AU26: 131458 | AW26: 總計 | AX26: 488892 | AY26: 537958 | AZ26: 1183425 | BA26: 2358931 | BB26: 1600299 | BC26: 1902619 | BD26: 416220 | BE26: 365260 | BF26: 8853604 | BH26: 總計 | BI26: 22265 | BJ26: 5167 | BK26: 17437 | BL26: -123869 | BM26: 24397 | BN26: 151540 | BO26: 78902 | BP26: -48021 | BQ26: 127818 | BS26: 總計 | BT26: 466627 | BU26: 532791 | BV26: 1165988 | BW26: 2482800 | BX26: 1575902 | BY26: 1751079 | BZ26: 337318 | CA26: 413281 | CB26: 8725786 | CD26: 總計 | CE26: 7736 | CF26: 32154 | CG26: 29455 | CH26: 13239 | CI26: -153963 | CJ26: 321201 | CK26: 65092 | CL26: -36725 | CM26: 278189 | CO26: 總計 | CP26: 458891 | CQ26: 500637 | CR26: 1136533 | CS26: 2469561 | CT26: 1729865 | CU26: 1429878 | CV26: 272226 | CW26: 450006 | CX26: 8447597
F28: 0~4年 | G28: 5~9年 | H28: 10~19年 | I28: 20~29年 | J28: 30~39年 | K28: 40~49年 | L28: 50年以上 | M28: 總計 | Q28: 0~4年 | R28: 5~9年 | S28: 10~19年 | T28: 20~29年 | U28: 30~39年 | V28: 40~49年 | W28: 50年以上 | X28: 總計 | AB28: 0~4年 | AC28: 5~9年 | AD28: 10~19年 | AE28: 20~29年 | AF28: 30~39年 | AG28: 40~49年 | AH28: 50年以上 | AI28: 總計 | AM28: 0~4年 | AN28: 5~9年 | AO28: 10~19年 | AP28: 20~29年 | AQ28: 30~39年 | AR28: 40~49年 | AS28: 50年以上 | AT28: 總計 | AX28: 0~4年 | AY28: 5~9年 | AZ28: 10~19年 | BA28: 20~29年 | BB28: 30~39年 | BC28: 40~49年 | BD28: 50年以上 | BE28: 總計 | BI28: 0~4年 | BJ28: 5~9年 | BK28: 10~19年 | BL28: 20~29年 | BM28: 30~39年 | BN28: 40~49年 | BO28: 50年以上 | BP28: 總計 | BT28: 0~4年 | BU28: 5~9年 | BV28: 10~19年 | BW28: 20~29年 | BX28: 30~39年 | BY28: 40~49年 | BZ28: 50年以上 | CA28: 總計 | CE28: 0~4年 | CF28: 5~9年 | CG28: 10~19年 | CH28: 20~29年 | CI28: 30~39年 | CJ28: 40~49年 | CK28: 50年以上 | CL28: 總計 | CP28: 0~4年 | CQ28: 5~9年 | CR28: 10~19年 | CS28: 20~29年 | CT28: 30~39年 | CU28: 40~49年 | CV28: 50年以上 | CW28: 總計
E29: 臺北市 | F29: 2.4552072 | G29: 3.1913437 | H29: 10.896393 | I29: 12.469717 | J29: 18.15902 | K29: 38.117249 | L29: 14.71107 | M29: 100 | P29: 臺北市 | Q29: 0.040514843 | R29: -0.11764784 | S29: -0.5067908 | T29: -0.77094933 | U29: -3.1982124 | V29: 2.143447 | W29: 2.4096385 | X29: 0 | AA29: 臺北市 | AB29: 2.4146923 | AC29: 3.3089915 | AD29: 11.403184 | AE29: 13.240666 | AF29: 21.357233 | AG29: 35.973802 | AH29: 12.301431 | AI29: 100 | AL29: 臺北市 | AM29: 0.0052381076 | AN29: -0.13419257 | AO29: -0.5107559 | AP29: -0.72098024 | AQ29: -4.0990909 | AR29: 2.8290884 | AS29: 2.6306931 | AT29: 0 | AW29: 臺北市 | AX29: 2.4094542 | AY29: 3.4431841 | AZ29: 11.91394 | BA29: 13.961647 | BB29: 25.456324 | BC29: 33.144713 | BD29: 9.6707383 | BE29: 100 | BH29: 臺北市 | BI29: -0.18649069 | BJ29: -0.40039756 | BK29: -0.64858669 | BL29: -0.88780783 | BM29: -3.8218353 | BN29: 3.3775062 | BO29: 2.5676119 | BP29: 0 | BS29: 臺北市 | BT29: 2.5959449 | BU29: 3.8435816 | BV29: 12.562526 | BW29: 14.849454 | BX29: 29.278159 | BY29: 29.767207 | BZ29: 7.1031264 | CA29: 100 | CD29: 臺北市 | CE29: -0.27861565 | CF29: -0.091735736 | CG29: 0.022710428 | CH29: -0.76322152 | CI29: -4.2936617 | CJ29: 3.8983927 | CK29: 1.5061314 | CL29: 0 | CO29: 臺北市 | CP29: 2.8745606 | CQ29: 3.9353174 | CR29: 12.539816 | CS29: 15.612676 | CT29: 33.571821 | CU29: 25.868815 | CV29: 5.5969949 | CW29: 100
E30: 新北市 | F30: 4.8766256 | G30: 6.353794 | H30: 14.206332 | I30: 24.454402 | J30: 20.537127 | K30: 23.881421 | L30: 5.6902979 | M30: 100 | P30: 新北市 | Q30: -0.1717223 | R30: 0.35480532 | S30: -0.03557958 | T30: -3.9862947 | U30: 2.4362641 | V30: 0.17201932 | W30: 1.2305078 | X30: 0 | AA30: 新北市 | AB30: 5.0483479 | AC30: 5.9989887 | AD30: 14.241912 | AE30: 28.440697 | AF30: 18.100863 | AG30: 23.709402 | AH30: 4.45979 | AI30: 100 | AL30: 新北市 | AM30: -0.29426335 | AN30: 0.25871153 | AO30: 0.1321525 | AP30: -2.1944603 | AQ30: 0.49187703 | AR30: 0.57743981 | AS30: 1.0285428 | AT30: 0 | AW30: 新北市 | AX30: 5.3426112 | AY30: 5.7402772 | AZ30: 14.109759 | BA30: 30.635157 | BB30: 17.608986 | BC30: 23.131962 | BD30: 3.4312473 | BE30: 100 | BH30: 新北市 | BI30: -0.42615917 | BJ30: 0.32917337 | BK30: 0.075054231 | BL30: -1.4197741 | BM30: 0.12375297 | BN30: 0.68999349 | BO30: 0.62795917 | BP30: 0 | BS30: 新北市 | BT30: 5.7687704 | BU30: 5.4111038 | BV30: 14.034705 | BW30: 32.054931 | BX30: 17.485233 | BY30: 22.441969 | BZ30: 2.8032881 | CA30: 100 | CD30: 新北市 | CE30: -0.28109532 | CF30: 0.28945749 | CG30: -0.32423343 | CH30: -0.080096465 | CI30: -2.8710627 | CJ30: 2.8485768 | CK30: 0.41845368 | CL30: 0 | CO30: 新北市 | CP30: 6.0498657 | CQ30: 5.1216463 | CR30: 14.358938 | CS30: 32.135027 | CT30: 20.356296 | CU30: 19.593392 | CV30: 2.3848344 | CW30: 100
E31: 桃園市 | F31: 8.6884143 | G31: 8.3059221 | H31: 17.10862 | I31: 24.718719 | J31: 18.789246 | K31: 18.244289 | L31: 4.1447904 | M31: 100 | P31: 桃園市 | Q31: 0.50532058 | R31: -0.43992879 | S31: -0.5876616 | T31: -3.4990696 | U31: 3.7493719 | V31: -0.58701242 | W31: 0.85897997 | X31: 0 | AA31: 桃園市 | AB31: 8.1830937 | AC31: 8.7458509 | AD31: 17.696282 | AE31: 28.217788 | AF31: 15.039874 | AG31: 18.831301 | AH31: 3.2858104 | AI31: 100 | AL31: 桃園市 | AM31: 0.53612828 | AN31: -0.45100833 | AO31: -0.79828662 | AP31: -2.7764497 | AQ31: 2.9430533 | AR31: -0.40382571 | AS31: 0.95038881 | AT31: 0 | AW31: 桃園市 | AX31: 7.6469655 | AY31: 9.1968592 | AZ31: 18.494568 | BA31: 30.994238 | BB31: 12.09682 | BC31: 19.235127 | BD31: 2.3354216 | BE31: 100 | BH31: 桃園市 | BI31: 0.81357806 | BJ31: -0.39876248 | BK31: -0.60228773 | BL31: -1.6201532 | BM31: 0.4683817 | BN31: 0.82973059 | BO31: 0.5095131 | BP31: 0 | BS31: 桃園市 | BT31: 6.8333874 | BU31: 9.5956217 | BV31: 19.096856 | BW31: 32.614391 | BX31: 11.628439 | BY31: 18.405397 | BZ31: 1.8259085 | CA31: 100 | CD31: 桃園市 | CE31: -0.21533678 | CF31: 0.044496663 | CG31: -0.17213463 | CH31: 0.063363304 | CI31: -4.2333893 | CJ31: 4.127371 | CK31: 0.38562971 | CL31: 0 | CO31: 桃園市 | CP31: 7.0487242 | CQ31: 9.551125 | CR31: 19.268991 | CS31: 32.551028 | CT31: 15.861828 | CU31: 14.278026 | CV31: 1.4402788 | CW31: 100
E32: 臺中市 | F32: 8.204628 | G32: 6.7477061 | H32: 13.499443 | I32: 20.982883 | J32: 27.556295 | K32: 17.84874 | L32: 5.1603044 | M32: 100 | P32: 臺中市 | Q32: 0.67464109 | R32: -0.3466781 | S32: -0.064189527 | T32: -5.9499132 | U32: 4.6321388 | V32: 0.30356872 | W32: 0.75043213 | X32: 0 | AA32: 臺中市 | AB32: 7.529987 | AC32: 7.0943842 | AD32: 13.563633 | AE32: 26.932797 | AF32: 22.924156 | AG32: 17.545171 | AH32: 4.4098722 | AI32: 100 | AL32: 臺中市 | AM32: 0.60364221 | AN32: -0.037094763 | AO32: -0.030122932 | AP32: -4.8067361 | AQ32: 3.291385 | AR32: 0.026325222 | AS32: 0.95260135 | AT32: 0 | AW32: 臺中市 | AX32: 6.9263447 | AY32: 7.131479 | AZ32: 13.593756 | BA32: 31.739533 | BB32: 19.632771 | BC32: 17.518846 | BD32: 3.4572709 | BE32: 100 | BH32: 臺中市 | BI32: 0.57396558 | BJ32: 0.04318932 | BK32: 0.102344 | BL32: -3.4812826 | BM32: 1.4290096 | BN32: 0.74083482 | BO32: 0.59193922 | BP32: 0 | BS32: 臺中市 | BT32: 6.3523792 | BU32: 7.0882896 | BV32: 13.491412 | BW32: 35.220815 | BX32: 18.203762 | BY32: 16.778011 | BZ32: 2.8653317 | CA32: 100 | CD32: 臺中市 | CE32: 0.12724487 | CF32: 0.28425234 | CG32: -0.38356735 | CH32: -2.0854744 | CI32: -0.5840879 | CJ32: 2.1140745 | CK32: 0.52755795 | CL32: 0 | CO32: 臺中市 | CP32: 6.2251343 | CQ32: 6.8040373 | CR32: 13.874979 | CS32: 37.30629 | CT32: 18.78785 | CU32: 14.663937 | CV32: 2.3377737 | CW32: 100
E33: 臺南市 | F33: 7.9416789 | G33: 6.6187279 | H33: 10.934982 | I33: 19.204935 | J33: 26.978136 | K33: 22.393642 | L33: 5.9278976 | M33: 100 | P33: 臺南市 | Q33: 0.95624127 | R33: 0.0046973354 | S33: -0.73102848 | T33: -4.2785745 | U33: 2.6710199 | V33: 0.66044945 | W33: 0.71719495 | X33: 0 | AA33: 臺南市 | AB33: 6.9854376 | AC33: 6.6140306 | AD33: 11.666011 | AE33: 23.483509 | AF33: 24.307116 | AG33: 21.733193 | AH33: 5.2107027 | AI33: 100 | AL33: 臺南市 | AM33: 0.25229547 | AN33: 0.30792361 | AO33: -0.21306691 | AP33: -4.3673621 | AQ33: 2.2534134 | AR33: 1.0466481 | AS33: 0.72014847 | AT33: 0 | AW33: 臺南市 | AX33: 6.7331422 | AY33: 6.306107 | AZ33: 11.879078 | BA33: 27.850871 | BB33: 22.053703 | BC33: 20.686545 | BD33: 4.4905542 | BE33: 100 | BH33: 臺南市 | BI33: 0.1606359 | BJ33: 0.35673016 | BK33: -0.12308734 | BL33: -3.0947118 | BM33: 0.4051554 | BN33: 1.873917 | BO33: 0.42136071 | BP33: 0 | BS33: 臺南市 | BT33: 6.5725063 | BU33: 5.9493768 | BV33: 12.002165 | BW33: 30.945583 | BX33: 21.648547 | BY33: 18.812628 | BZ33: 4.0691935 | CA33: 100 | CD33: 臺南市 | CE33: 0.28982928 | CF33: 0.060554637 | CG33: -0.045509561 | CH33: -1.9950764 | CI33: -2.8723779 | CJ33: 4.1929811 | CK33: 0.36959879 | CL33: 0 | CO33: 臺南市 | CP33: 6.282677 | CQ33: 5.8888222 | CR33: 12.047675 | CS33: 32.940659 | CT33: 24.520925 | CU33: 14.619647 | CV33: 3.6995947 | CW33: 100
E34: 高雄市 | F34: 6.5592509 | G34: 4.8737542 | H34: 12.282134 | I34: 19.29508 | J34: 23.696829 | K34: 23.885206 | L34: 9.4077457 | M34: 100 | P34: 高雄市 | Q34: 0.73428913 | R34: -0.57327566 | S34: -0.71000163 | T34: -3.6518298 | U34: 2.5141333 | V34: 0.34395974 | W34: 1.3427249 | X34: 0 | AA34: 高雄市 | AB34: 5.8249617 | AC34: 5.4470299 | AD34: 12.992136 | AE34: 22.94691 | AF34: 21.182696 | AG34: 23.541246 | AH34: 8.0650208 | AI34: 100 | AL34: 高雄市 | AM34: 0.35955408 | AN34: 0.21701902 | AO34: -0.39721512 | AP34: -2.689855 | AQ34: 1.0586085 | AR34: 0.2395408 | AS34: 1.2123477 | AT34: 0 | AW34: 高雄市 | AX34: 5.4654077 | AY34: 5.2300108 | AZ34: 13.389351 | BA34: 25.636765 | BB34: 20.124087 | BC34: 23.301705 | BD34: 6.8526731 | BE34: 100 | BH34: 高雄市 | BI34: 0.5785678 | BJ34: -0.42499219 | BK34: 0.11425834 | BL34: -2.0824318 | BM34: 0.0023982267 | BN34: 0.93212622 | BO34: 0.88007345 | BP34: 0 | BS34: 高雄市 | BT34: 4.8868399 | BU34: 5.655003 | BV34: 13.275093 | BW34: 27.719197 | BX34: 20.121689 | BY34: 22.369579 | BZ34: 5.9725997 | CA34: 100 | CD34: 高雄市 | CE34: 0.21517898 | CF34: 0.17069416 | CG34: -0.26137782 | CH34: -1.1640438 | CI34: -2.1853556 | CJ34: 1.994221 | CK34: 1.230683 | CL34: 0 | CO34: 高雄市 | CP34: 4.6716609 | CQ34: 5.4843089 | CR34: 13.536471 | CS34: 28.883241 | CT34: 22.307044 | CU34: 20.375358 | CV34: 4.7419166 | CW34: 100
E35: 基隆市 | F35: 2.9422567 | G35: 4.1296039 | H35: 6.235151 | I35: 32.021073 | J35: 18.726686 | K35: 26.185339 | L35: 9.7598907 | M35: 100 | P35: 基隆市 | Q35: 0.44840007 | R35: 0.25059334 | S35: -0.35157472 | T35: -4.0966712 | U35: 2.9179651 | V35: -0.26356714 | W35: 1.0948546 | X35: 0 | AA35: 基隆市 | AB35: 2.4938566 | AC35: 3.8790106 | AD35: 6.5867257 | AE35: 36.117744 | AF35: 15.808721 | AG35: 26.448906 | AH35: 8.6650362 | AI35: 100 | AL35: 基隆市 | AM35: 0.65406904 | AN35: -0.64794296 | AO35: 0.5802227 | AP35: -3.1663413 | AQ35: 0.19976676 | AR35: 1.1287266 | AS35: 1.2514992 | AT35: 0 | AW35: 基隆市 | AX35: 1.8397876 | AY35: 4.5269535 | AZ35: 6.006503 | BA35: 39.284085 | BB35: 15.608954 | BC35: 25.320179 | BD35: 7.413537 | BE35: 100 | BH35: 基隆市 | BI35: -0.79064437 | BJ35: 0.9617935 | BK35: 0.20200076 | BL35: -1.7379313 | BM35: -1.6025285 | BN35: 2.0450381 | BO35: 0.92227173 | BP35: 0 | BS35: 基隆市 | BT35: 2.630432 | BU35: 3.56516 | BV35: 5.8045022 | BW35: 41.022016 | BX35: 17.211483 | BY35: 23.275141 | BZ35: 6.4912653 | CA35: 100 | CD35: 基隆市 | CE35: -1.2784164 | CF35: 0.98058101 | CG35: 0.055443365 | CH35: -1.069525 | CI35: -2.9601726 | CJ35: 3.6888686 | CK35: 0.58322097 | CL35: 0 | CO35: 基隆市 | CP35: 3.9088484 | CQ35: 2.584579 | CR35: 5.7490589 | CS35: 42.091541 | CT35: 20.171656 | CU35: 19.586272 | CV35: 5.9080443 | CW35: 100
E36: 新竹市 | F36: 8.0582804 | G36: 7.5556838 | H36: 22.688979 | I36: 26.346797 | J36: 19.524524 | K36: 11.967109 | L36: 3.8586267 | M36: 100 | P36: 新竹市 | Q36: 0.1025989 | R36: -0.62347195 | S36: 0.21570734 | T36: -3.2947029 | U36: 2.6592789 | V36: 0.25941331 | W36: 0.68117638 | X36: 0 | AA36: 新竹市 | AB36: 7.9556815 | AC36: 8.1791557 | AD36: 22.473271 | AE36: 29.6415 | AF36: 16.865245 | AG36: 11.707696 | AH36: 3.1774503 | AI36: 100 | AL36: 新竹市 | AM36: 0.51117385 | AN36: -1.2849428 | AO36: 0.78558596 | AP36: -2.9703081 | AQ36: 1.9738333 | AR36: 0.21681715 | AS36: 0.7678406 | AT36: 0 | AW36: 新竹市 | AX36: 7.4445077 | AY36: 9.4640985 | AZ36: 21.687685 | BA36: 32.611808 | BB36: 14.891412 | BC36: 11.490879 | BD36: 2.4096097 | BE36: 100 | BH36: 新竹市 | BI36: 0.016272147 | BJ36: -0.81532388 | BK36: 0.81008944 | BL36: -1.7569613 | BM36: 0.64638547 | BN36: 0.32973957 | BO36: 0.76979851 | BP36: 0 | BS36: 新竹市 | BT36: 7.4282355 | BU36: 10.279422 | BV36: 20.877596 | BW36: 34.36877 | BX36: 14.245026 | BY36: 11.161139 | BZ36: 1.6398112 | CA36: 100 | CD36: 新竹市 | CE36: 0.3845911 | CF36: -1.0683864 | CG36: 0.99327995 | CH36: -1.783133 | CI36: 0.030767183 | CJ36: 0.86692707 | CK36: 0.5759541 | CL36: 0 | CO36: 新竹市 | CP36: 7.0436444 | CQ36: 11.347809 | CR36: 19.884316 | CS36: 36.151903 | CT36: 14.214259 | CU36: 10.294212 | CV36: 1.0638571 | CW36: 100
E37: 新竹縣 | F37: 12.669175 | G37: 14.452369 | H37: 29.367066 | I37: 21.394124 | J37: 13.096344 | K37: 6.1482916 | L37: 2.8726313 | M37: 100 | P37: 新竹縣 | Q37: 0.10468724 | R37: -0.72906542 | S37: -1.8355683 | T37: -1.0457556 | U37: 3.473208 | V37: -0.22970089 | W37: 0.26219497 | X37: 0 | AA37: 新竹縣 | AB37: 12.564488 | AC37: 15.181434 | AD37: 31.202634 | AE37: 22.439879 | AF37: 9.6231359 | AG37: 6.3779925 | AH37: 2.6104363 | AI37: 100 | AL37: 新竹縣 | AM37: 0.010877695 | AN37: -0.16747361 | AO37: -0.20830133 | AP37: -3.2397437 | AQ37: 3.4466834 | AR37: 0.023820559 | AS37: 0.13413692 | AT37: 0 | AW37: 新竹縣 | AX37: 12.55361 | AY37: 15.348908 | AZ37: 31.410936 | BA37: 25.679623 | BB37: 6.1764525 | BC37: 6.3541719 | BD37: 2.4762994 | BE37: 100 | BH37: 新竹縣 | BI37: 0.25836701 | BJ37: -1.8373633 | BK37: 0.9877715 | BL37: -1.9318945 | BM37: 2.1599794 | BN37: 0.26930773 | BO37: 0.093832136 | BP37: 0 | BS37: 新竹縣 | BT37: 12.295243 | BU37: 17.186271 | BV37: 30.423164 | BW37: 27.611517 | BX37: 4.0164731 | BY37: 6.0848642 | BZ37: 2.3824673 | CA37: 100 | CD37: 新竹縣 | CE37: -1.2003456 | CF37: 0.061100629 | CG37: 0.9754544 | CH37: -0.060666969 | CI37: -0.7837036 | CJ37: 0.9043054 | CK37: 0.10385578 | CL37: 0 | CO37: 新竹縣 | CP37: 13.495589 | CQ37: 17.12517 | CR37: 29.44771 | CS37: 27.672184 | CT37: 4.8001767 | CU37: 5.1805588 | CV37: 2.2786115 | CW37: 100
E38: 宜蘭縣 | F38: 7.3207341 | G38: 7.8591572 | H38: 14.590867 | I38: 19.569148 | J38: 18.836278 | K38: 25.027291 | L38: 6.796525 | M38: 100 | P38: 宜蘭縣 | Q38: 0.056093646 | R38: -0.51857633 | S38: 0.52257538 | T38: -4.2025117 | U38: 3.3120475 | V38: -0.0068781144 | W38: 0.83724959 | X38: 0 | AA38: 宜蘭縣 | AB38: 7.2646405 | AC38: 8.3777335 | AD38: 14.068291 | AE38: 23.77166 | AF38: 15.524231 | AG38: 25.034169 | AH38: 5.9592754 | AI38: 100 | AL38: 宜蘭縣 | AM38: 0.36358804 | AN38: -0.30572169 | AO38: 0.63589625 | AP38: -4.0368946 | AQ38: 1.7079519 | AR38: 0.8689688 | AS38: 0.76621129 | AT38: 0 | AW38: 宜蘭縣 | AX38: 6.9010524 | AY38: 8.6834552 | AZ38: 13.432395 | BA38: 27.808554 | BB38: 13.816279 | BC38: 24.1652 | BD38: 5.1930641 | BE38: 100 | BH38: 宜蘭縣 | BI38: -0.015358504 | BJ38: -0.020160655 | BK38: 0.57845224 | BL38: -1.8316628 | BM38: -0.62849236 | BN38: 1.3849434 | BO38: 0.53227872 | BP38: 0 | BS38: 宜蘭縣 | BT38: 6.9164109 | BU38: 8.7036158 | BV38: 12.853943 | BW38: 29.640217 | BX38: 14.444771 | BY38: 22.780257 | BZ38: 4.6607854 | CA38: 100 | CD38: 宜蘭縣 | CE38: -0.16955446 | CF38: 0.0034585476 | CG38: 0.7705991 | CH38: -0.82968396 | CI38: -4.6789708 | CJ38: 4.4274066 | CK38: 0.47674504 | CL38: 0 | CO38: 宜蘭縣 | CP38: 7.0859654 | CQ38: 8.7001573 | CR38: 12.083344 | CS38: 30.469901 | CT38: 19.123742 | CU38: 18.35285 | CV38: 4.1840403 | CW38: 100
E39: 苗栗縣 | F39: 7.5335501 | G39: 10.452314 | H39: 14.904528 | I39: 19.816212 | J39: 21.436911 | K39: 20.733269 | L39: 5.1232158 | M39: 100 | P39: 苗栗縣 | Q39: 0.14953833 | R39: -0.25947253 | S39: -0.79270904 | T39: -3.581532 | U39: 2.1156749 | V39: 1.582051 | W39: 0.7864494 | X39: 0 | AA39: 苗栗縣 | AB39: 7.3840118 | AC39: 10.711787 | AD39: 15.697237 | AE39: 23.397744 | AF39: 19.321236 | AG39: 19.151218 | AH39: 4.3367664 | AI39: 100 | AL39: 苗栗縣 | AM39: -0.021095062 | AN39: -0.038876076 | AO39: 0.21043175 | AP39: -3.7487485 | AQ39: 2.2534899 | AR39: 0.86787757 | AS39: 0.47692041 | AT39: 0 | AW39: 苗栗縣 | AX39: 7.4051068 | AY39: 10.750663 | AZ39: 15.486805 | BA39: 27.146492 | BB39: 17.067746 | BC39: 18.28334 | BD39: 3.859846 | BE39: 100 | BH39: 苗栗縣 | BI39: -0.89444288 | BJ39: 0.29574124 | BK39: 0.079367917 | BL39: -1.6013858 | BM39: -0.47191761 | BN39: 2.2944504 | BO39: 0.29818677 | BP39: 0 | BS39: 苗栗縣 | BT39: 8.2995497 | BU39: 10.454922 | BV39: 15.407438 | BW39: 28.747878 | BX39: 17.539664 | BY39: 15.98889 | BZ39: 3.5616592 | CA39: 100 | CD39: 苗栗縣 | CE39: -1.4032813 | CF39: 1.6326955 | CG39: 0.19027559 | CH39: -0.94791914 | CI39: -2.7859914 | CJ39: 3.1216489 | CK39: 0.19257182 | CL39: 0 | CO39: 苗栗縣 | CP39: 9.702831 | CQ39: 8.8222261 | CR39: 15.217162 | CS39: 29.695797 | CT39: 20.325655 | CU39: 12.867241 | CV39: 3.3690874 | CW39: 100
E40: 彰化縣 | F40: 6.5927202 | G40: 5.9954602 | H40: 10.119291 | I40: 19.734372 | J40: 25.783602 | K40: 25.7147 | L40: 6.0598548 | M40: 100 | P40: 彰化縣 | Q40: 0.48236503 | R40: 0.2098337 | S40: -0.09947357 | T40: -4.5847822 | U40: 2.7669776 | V40: 0.26326765 | W40: 0.96181171 | X40: 0 | AA40: 彰化縣 | AB40: 6.1103552 | AC40: 5.7856265 | AD40: 10.218765 | AE40: 24.319154 | AF40: 23.016624 | AG40: 25.451432 | AH40: 5.0980431 | AI40: 100 | AL40: 彰化縣 | AM40: 0.23676461 | AN40: 0.070348334 | AO40: 0.15557322 | AP40: -4.2047995 | AQ40: 2.3090947 | AR40: 0.54561789 | AS40: 0.88740075 | AT40: 0 | AW40: 彰化縣 | AX40: 5.8735906 | AY40: 5.7152781 | AZ40: 10.063191 | BA40: 28.523954 | BB40: 20.70753 | BC40: 24.905814 | BD40: 4.2106423 | BE40: 100 | BH40: 彰化縣 | BI40: 0.36022115 | BJ40: 0.088669247 | BK40: 0.29840987 | BL40: -2.7148454 | BM40: 0.29653475 | BN40: 1.0874326 | BO40: 0.58357775 | BP40: 0 | BS40: 彰化縣 | BT40: 5.5133694 | BU40: 5.6266089 | BV40: 9.7647815 | BW40: 31.238799 | BX40: 20.410995 | BY40: 23.818382 | BZ40: 3.6270646 | CA40: 100 | CD40: 彰化縣 | CE40: -0.043052071 | CF40: 0.15366191 | CG40: -0.19223434 | CH40: -1.8998757 | CI40: -2.3290463 | CJ40: 3.9320592 | CK40: 0.37848728 | CL40: 0 | CO40: 彰化縣 | CP40: 5.5564215 | CQ40: 5.472947 | CR40: 9.9570158 | CS40: 33.138675 | CT40: 22.740041 | CU40: 19.886322 | CV40: 3.2485773 | CW40: 100
... E51: 總計 | F51: 6.3344691 | G51: 6.2033561 | H51: 13.319329 | I51: 20.961784 | J51: 22.380628 | K51: 23.634202 | L51: 7.1662321 | M51: 100 | P51: 總計 | Q51: 0.35586144 | R51: -0.1352944 | S51: -0.42783219 | T51: -3.7637401 | U51: 2.3569035 | V51: 0.48422759 | W51: 1.1298742 | X51: 0 | AA51: 總計 | AB51: 5.9786077 | AC51: 6.3386505 | AD51: 13.747161 | AE51: 24.725524 | AF51: 20.023725 | AG51: 23.149974 | AH51: 6.0363579 | AI51: 100 | AL51: 總計 | AM51: 0.21903901 | AN51: 0.0010421316 | AO51: -0.19460455 | AP51: -3.0647136 | AQ51: 1.1708246 | AR51: 0.73548438 | AS51: 1.132928 | AT51: 0 | AW51: 總計 | AX51: 5.7595687 | AY51: 6.3376084 | AZ51: 13.941765 | BA51: 27.790238 | BB51: 18.8529 | BC51: 22.41449 | BD51: 4.9034299 | BE51: 100 | BH51: 總計 | BI51: 0.14601413 | BJ51: -0.071903562 | BK51: -0.085149551 | BL51: -2.0780147 | BM51: -0.10530822 | BN51: 1.3488904 | BO51: 0.84547147 | BP51: 0 | BS51: 總計 | BT51: 5.6135545 | BU51: 6.4095119 | BV51: 14.026915 | BW51: 29.868253 | BX51: 18.958208 | BY51: 21.065599 | BZ51: 4.0579585 | CA51: 100 | CD51: 總計 | CE51: -0.1243108 | CF51: 0.14966444 | CG51: -0.1840269 | CH51: -1.0105582 | CI51: -2.6716176 | CJ51: 3.1867406 | CK51: 0.65410848 | CL51: 0 | CO51: 總計 | CP51: 5.7378653 | CQ51: 6.2598475 | CR51: 14.210942 | CS51: 30.878811 | CT51: 21.629826 | CU51: 17.878859 | CV51: 3.40385 | CW51: 100
F53: 0~4年 | G53: 5~9年 | H53: 10~19年 | I53: 20~29年 | J53: 30~39年 | K53: 40~49年 | L53: 50年以上 | M53: 總計 | Q53: 0~4年 | R53: 5~9年 | S53: 10~19年 | T53: 20~29年 | U53: 30~39年 | V53: 40~49年 | W53: 50年以上 | X53: 總計 | AB53: 0~4年 | AC53: 5~9年 | AD53: 10~19年 | AE53: 20~29年 | AF53: 30~39年 | AG53: 40~49年 | AH53: 50年以上 | AI53: 總計 | AM53: 0~4年 | AN53: 5~9年 | AO53: 10~19年 | AP53: 20~29年 | AQ53: 30~39年 | AR53: 40~49年 | AS53: 50年以上 | AT53: 總計 | AX53: 0~4年 | AY53: 5~9年 | AZ53: 10~19年 | BA53: 20~29年 | BB53: 30~39年 | BC53: 40~49年 | BD53: 50年以上 | BE53: 總計 | BI53: 0~4年 | BJ53: 5~9年 | BK53: 10~19年 | BL53: 20~29年 | BM53: 30~39年 | BN53: 40~49年 | BO53: 50年以上 | BP53: 總計 | BT53: 0~4年 | BU53: 5~9年 | BV53: 10~19年 | BW53: 20~29年 | BX53: 30~39年 | BY53: 40~49年 | BZ53: 50年以上 | CA53: 總計 | CE53: 0~4年 | CF53: 5~9年 | CG53: 10~19年 | CH53: 20~29年 | CI53: 30~39年 | CJ53: 40~49年 | CK53: 50年以上 | CL53: 總計 | CP53: 0~4年 | CQ53: 5~9年 | CR53: 10~19年 | CS53: 20~29年 | CT53: 30~39年 | CU53: 40~49年 | CV53: 50年以上 | CW53: 總計
E54: 臺北市 | F54: 4.7530584 | G54: 6.3087322 | H54: 10.032188 | I54: 7.2949712 | J54: 9.9498234 | K54: 19.777702 | L54: 25.173791 | M54: 12.262958 | P54: 臺北市 | Q54: -0.21517204 | R54: -0.11280245 | S54: -0.17140444 | T54: 0.70771862 | U54: -3.1703659 | V54: 0.66263601 | W54: 0.10573522 | X54: -0.038030014 | AA54: 臺北市 | AB54: 4.9682305 | AC54: 6.4215346 | AD54: 10.203592 | AE54: 6.5872526 | AF54: 13.120189 | AG54: 19.115066 | AH54: 25.068056 | AI54: 12.300988 | AL54: 臺北市 | AM54: -0.12164622 | AN54: -0.18864682 | AO54: -0.19360221 | AP54: 0.47469567 | AQ54: -3.3082406 | AR54: 1.1237082 | AS54: 1.072092 | AT54: 0.13412691 | AW54: 臺北市 | AX54: 5.0898767 | AY54: 6.6101815 | AZ54: 10.397195 | BA54: 6.1125569 | BB54: 16.42843 | BC54: 17.991358 | BD54: 23.995964 | BE54: 12.166861 | BH54: 臺北市 | BI54: -0.39201783 | BJ54: -0.4984221 | BK54: -0.21946699 | BL54: 0.21904959 | BM54: -1.8786729 | BN54: 1.2404863 | BO54: 3.2461075 | BP54: 0.31263637 | BS54: 臺北市 | BT54: 5.4818945 | BU54: 7.1086036 | BV54: 10.616662 | BW54: 5.8935073 | BX54: 18.307103 | BY54: 16.750872 | BZ54: 20.749856 | CA54: 11.854224 | CD54: 臺北市 | CE54: -0.1346898 | CF54: 0.06058274 | CG54: 0.723856 | CH54: 0.22500997 | CI54: 0.9061496 | CJ54: 0.52948797 | CK54: 2.3151733 | CL54: 0.64304848 | CO54: 臺北市 | CP54: 5.6165843 | CQ54: 7.0480208 | CR54: 9.8928056 | CS54: 5.6684974 | CT54: 17.400953 | CU54: 16.221384 | CV54: 18.434683 | CW54: 11.211176
E55: 新北市 | F55: 15.346044 | G55: 20.417082 | H55: 21.261157 | I55: 23.254984 | J55: 18.291726 | K55: 20.142181 | L55: 15.828195 | M55: 19.93367 | P55: 新北市 | Q55: -1.5897688 | R55: 1.4352526 | S55: 0.48275637 | T55: 0.18477439 | U55: 0.1611643 | V55: -0.39907174 | W55: 1.0099672 | X55: -0.12290809 | AA55: 新北市 | AB55: 16.935813 | AC55: 18.981829 | AD55: 20.7784 | AE55: 23.07021 | AF55: 18.130561 | AG55: 20.541252 | AH55: 14.818228 | AI55: 20.056578 | AL55: 新北市 | AM55: -1.7920451 | AN55: 0.69527177 | AO55: 0.34567331 | AP55: 0.81394212 | AQ55: -0.7267896 | AR55: -0.29444839 | AS55: 0.69036255 | AT55: -0.13287272 | AW55: 新北市 | AX55: 18.727858 | AY55: 18.286558 | AZ55: 20.432727 | BA55: 22.256268 | BB55: 18.857351 | BC55: 20.835701 | BD55: 14.127865 | BE55: 20.18945 | BH55: 新北市 | BI55: -2.1873483 | BJ55: 1.1043981 | BK55: 0.068966866 | BL55: 0.41379154 | BM55: 0.086196481 | BN55: -0.84653067 | BO55: 0.068135084 | BP55: -0.16300655 | BS55: 新北市 | BT55: 20.915206 | BU55: 17.18216 | BV55: 20.36376 | BW55: 21.842476 | BX55: 18.771155 | BY55: 21.682231 | BZ55: 14.05973 | CA55: 20.352457 | CD55: 新北市 | CE55: -0.57704343 | CF55: 0.50460681 | CG55: -0.23238617 | CH55: 0.62935374 | CI55: -0.41253897 | CJ55: -0.65638774 | CK55: -0.22178611 | CL55: -0.03140616 | CO55: 新北市 | CP55: 21.49225 | CQ55: 16.677553 | CR55: 20.596146 | CS55: 21.213122 | CT55: 19.183694 | CU55: 22.338619 | CV55: 14.281516 | CW55: 20.383863
E56: 桃園市 | F56: 14.763467 | G56: 14.411832 | H56: 13.825814 | I56: 12.692751 | J56: 9.0363932 | K56: 8.30891 | L56: 6.2254357 | M56: 10.763612 | P56: 桃園市 | Q56: 0.11003011 | R56: -0.35975924 | S56: 0.044486892 | T56: 0.47476896 | U56: 0.99518432 | V56: -0.3997602 | W56: 0.39783833 | X56: 0.057741058 | AA56: 桃園市 | AB56: 14.653437 | AC56: 14.771591 | AD56: 13.781327 | AE56: 12.217982 | AF56: 8.0412089 | AG56: 8.7086702 | AH56: 5.8275974 | AI56: 10.705871 | AL56: 桃園市 | AM56: 0.46216329 | AN56: -0.73928511 | AO56: -0.39777197 | AP56: 0.29703118 | AQ56: 1.182928 | AR56: -0.46384415 | AS56: 0.73678001 | AT56: 0.017237575 | AW56: 桃園市 | AX56: 14.191273 | AY56: 15.510876 | AZ56: 14.179099 | BA56: 11.920951 | BB56: 6.8582809 | BC56: 9.1725143 | BD56: 5.0908174 | BE56: 10.688634 | BH56: 桃園市 | BI56: 1.1896682 | BJ56: -0.47907096 | BK56: -0.3620457 | BL56: 0.2582714 | BM56: 0.30704861 | BN56: -0.15938905 | BO56: 0.2849665 | BP56: 0.0079544413 | BS56: 桃園市 | BT56: 13.001605 | BU56: 15.989947 | BV56: 14.541145 | BW56: 11.662679 | BX56: 6.5512322 | BY56: 9.3319034 | BZ56: 4.8058509 | CA56: 10.680679 | CD56: 桃園市 | CE56: -0.098019829 | CF56: -0.28012465 | CG56: 0.082259458 | CH56: 0.42173398 | CI56: -1.2686265 | CJ56: 0.81607194 | CK56: 0.29379103 | CL56: 0.017205751 | CO56: 桃園市 | CP56: 13.099625 | CQ56: 16.270072 | CR56: 14.458885 | CS56: 11.240945 | CT56: 7.8198588 | CU56: 8.5158314 | CV56: 4.5120598 | CW56: 10.663474
E57: 臺中市 | F57: 16.773108 | G57: 14.086215 | H57: 13.124972 | I57: 12.962889 | J57: 15.944593 | K57: 9.7798343 | L57: 9.3250104 | M57: 12.949854 | P57: 臺中市 | Q57: 0.54347801 | R57: -0.33601264 | S57: 0.41111116 | T57: -1.0733386 | U57: 1.1921835 | V57: 0.013725575 | W57: -0.088800766 | X57: 0.063962993 | AA57: 臺中市 | AB57: 16.22963 | AC57: 14.422228 | AD57: 12.713861 | AE57: 14.036227 | AF57: 14.752409 | AG57: 9.7661087 | AH57: 9.4138111 | AI57: 12.885891 | AL57: 臺中市 | AM57: 0.74543336 | AN57: -0.066449657 | AO57: 0.1594534 | AP57: -0.66937441 | AQ57: 1.3439776 | AR57: -0.29744053 | AS57: 0.33543912 | AT57: 0.010081645 | AW57: 臺中市 | AX57: 15.484197 | AY57: 14.488678 | AZ57: 12.554408 | BA57: 14.705602 | BB57: 13.408432 | BC57: 10.063549 | BD57: 9.078372 | BE57: 12.875809 | BH57: 臺中市 | BI57: 0.91645866 | BJ57: 0.25195058 | BK57: 0.17246215 | BL57: -0.47479934 | BM57: 1.0473205 | BN57: -0.18967177 | BO57: -0.011566856 | BP57: 0.0023976575 | BS57: 臺中市 | BT57: 14.567738 | BU57: 14.236727 | BV57: 12.381946 | BW57: 15.180401 | BX57: 12.361111 | BY57: 10.253221 | BZ57: 9.0899389 | CA57: 12.873412 | CD57: 臺中市 | CE57: 0.48901368 | CF57: 0.13189653 | CG57: -0.28799006 | CH57: -0.49744604 | CI57: 1.0894225 | CJ57: -0.39006464 | CK57: 0.17749113 | CL57: -0.10330831 | CO57: 臺中市 | CP57: 14.078725 | CQ57: 14.10483 | CR57: 12.669936 | CS57: 15.677847 | CT57: 11.271689 | CU57: 10.643286 | CV57: 8.9124477 | CW57: 12.97672
E58: 臺南市 | F58: 9.6689591 | G58: 8.2285902 | H58: 6.3315987 | I58: 7.0658141 | J58: 9.2964534 | K58: 7.3073754 | L58: 6.3795118 | M58: 7.7121882 | P58: 臺南市 | Q58: 0.70521602 | R58: 0.22351855 | S58: -0.1787643 | T58: -0.22059107 | U58: -0.016435299 | V58: 0.10511437 | W58: -0.24291465 | X58: 0.040413636 | AA58: 臺南市 | AB58: 8.9637431 | AC58: 8.0050717 | AD58: 6.510363 | AE58: 7.2864051 | AF58: 9.3128887 | AG58: 7.202261 | AH58: 6.6224265 | AI58: 7.6717746 | AL58: 臺南市 | AM58: 0.0012319496 | AN58: 0.37659512 | AO58: -0.02194788 | AP58: -0.39690565 | AQ58: 0.3446896 | AR58: 0.12669835 | AS58: -0.39862008 | AT58: 0.0051908776 | AW58: 臺南市 | AX58: 8.9625111 | AY58: 7.6284766 | AZ58: 6.5323109 | BA58: 7.6833108 | BB58: 8.9681991 | BC58: 7.0755627 | BD58: 7.0210466 | BE58: 7.6665837 | BH58: 臺南市 | BI58: -0.040611261 | BJ58: 0.49096862 | BK58: -0.04725941 | BL58: -0.28358143 | BM58: 0.18745001 | BN58: 0.20842534 | BO58: -0.68977824 | BP58: -0.022951495 | BS58: 臺南市 | BT58: 9.0031224 | BU58: 7.137508 | BV58: 6.5795703 | BW58: 7.9668922 | BX58: 8.7807491 | BY58: 6.8671373 | BZ58: 7.7108248 | CA58: 7.6895352 | CD58: 臺南市 | CE58: 0.50044966 | CF58: -0.16758536 | CG58: -0.0036965427 | CH58: -0.31696876 | CI58: -0.022539061 | CJ58: 0.51736485 | CK58: -0.72922134 | CL58: -0.075815617 | CO58: 臺南市 | CP58: 8.5026727 | CQ58: 7.3050933 | CR58: 6.5832668 | CS58: 8.283861 | CT58: 8.8032881 | CU58: 6.3497725 | CV58: 8.4400461 | CW58: 7.7653508
E59: 高雄市 | F59: 12.706352 | G59: 9.6408155 | H59: 11.31536 | I59: 11.295233 | J59: 12.992563 | K59: 12.401234 | L59: 16.109111 | M59: 12.270913 | P59: 高雄市 | Q59: 0.71613906 | R59: -0.93458494 | S59: -0.31522127 | T59: -0.12598876 | U59: -0.0262156 | V59: -0.11324574 | W59: -0.33325806 | X59: -0.03556804 | AA59: 高雄市 | AB59: 11.990213 | AC59: 10.5754 | AD59: 11.630581 | AE59: 11.421222 | AF59: 13.018778 | AG59: 12.51448 | AH59: 16.442369 | AI59: 12.306481 | AL59: 高雄市 | AM59: 0.2837419 | AN59: 0.39486591 | AO59: -0.21714894 | AP59: 0.04064324 | AQ59: -0.14957331 | AR59: -0.31036837 | AS59: -0.7982733 | AT59: -0.030059969 | AW59: 高雄市 | AX59: 11.706471 | AY59: 10.180535 | AZ59: 11.84773 | BA59: 11.380579 | BB59: 13.168352 | BC59: 12.824848 | BD59: 17.240642 | BE59: 12.336541 | BH59: 高雄市 | BI59: 0.90062389 | BJ59: -0.77103934 | BK59: 0.10026787 | BL59: -0.13907648 | BM59: -0.0061985298 | BN59: -0.35628176 | BO59: -1.0287655 | BP59: -0.076227919 | BS59: 高雄市 | BT59: 10.805847 | BU59: 10.951574 | BV59: 11.747462 | BW59: 11.519655 | BX59: 13.17455 | BY59: 13.18113 | BZ59: 18.269408 | CA59: 12.412768 | CD59: 高雄市 | CE59: 0.53216552 | CF59: -0.1035419 | CG59: -0.27207437 | CH59: -0.28329275 | CI59: 0.16104914 | CJ59: -1.1992577 | CK59: 0.69063104 | CL59: -0.20565625 | CO59: 高雄市 | CP59: 10.273682 | CQ59: 11.055116 | CR59: 12.019537 | CS59: 11.802948 | CT59: 13.013501 | CU59: 14.380388 | CV59: 17.578776 | CW59: 12.618425
E60: 基隆市 | F60: 0.91847319 | G60: 1.3163696 | H60: 0.9256798 | I60: 3.0206734 | J60: 1.6545687 | K60: 2.1908538 | L60: 2.6930861 | M60: 1.9774073 | P60: 基隆市 | Q60: 0.086179497 | R60: 0.095331136 | S60: -0.030328672 | T60: 0.10606458 | U60: 0.079291287 | V60: -0.088765731 | W60: -0.17109568 | X60: -0.017878732 | AA60: 基隆市 | AB60: 0.83229369 | AC60: 1.2210384 | AD60: 0.95600847 | AE60: 2.9146088 | AF60: 1.5752774 | AG60: 2.2796195 | AH60: 2.8641817 | AI60: 1.9952861 | AL60: 基隆市 | AM60: 0.18879779 | AN60: -0.2179215 | AO60: 0.08810387 | AP60: 0.066920611 | AQ60: -0.092598379 | AR60: 0.0039668778 | AS60: -0.18156331 | AT60: -0.019217572 | AW60: 基隆市 | AX60: 0.64349591 | AY60: 1.4389599 | AZ60: 0.8679046 | BA60: 2.8476882 | BB60: 1.6678758 | BC60: 2.2756527 | BD60: 3.045745 | BE60: 2.0145037 | BH60: 基隆市 | BI60: -0.31358545 | BJ60: 0.30286715 | BK60: 0.022698645 | BL60: 0.042468298 | BM60: -0.18642731 | BN60: 0.018929811 | BO60: -0.22149833 | BP60: -0.027985344 | BS60: 基隆市 | BT60: 0.95708135 | BU60: 1.1360928 | BV60: 0.84520595 | BW60: 2.8052199 | BX60: 1.8543031 | BY60: 2.2567229 | BZ60: 3.2672434 | CA60: 2.042489 | CD60: 基隆市 | CE60: -0.44128994 | CF60: 0.28857251 | CG60: 0.01478572 | CH60: 0.0071517543 | CI60: -0.060008109 | CJ60: 0.0079995372 | CK60: -0.29560514 | CL60: -0.01020412 | CO60: 基隆市 | CP60: 1.3983713 | CQ60: 0.84752026 | CR60: 0.83042023 | CS60: 2.7980682 | CT60: 1.9143112 | CU60: 2.2487233 | CV60: 3.5628485 | CW60: 2.0526931
E61: 新竹市 | F61: 2.5017511 | G61: 2.395295 | H61: 3.3499981 | I61: 2.4717898 | J61: 1.7156162 | K61: 0.9957728 | L61: 1.0588973 | M61: 1.9665815 | P61: 新竹市 | Q61: -0.11485799 | R61: -0.14201297 | S61: 0.13548799 | T61: 0.11448258 | U61: 0.059429421 | V61: 0.0013239933 | W61: 0.023837849 | X61: 0.00022836708 | AA61: 新竹市 | AB61: 2.6166091 | AC61: 2.537308 | AD61: 3.2145101 | AE61: 2.3573072 | AF61: 1.6561868 | AG61: 0.99444881 | AH61: 1.0350595 | AI61: 1.9663531 | AL61: 新竹市 | AM61: 0.07494348 | AN61: -0.39916661 | AO61: 0.15559216 | AP61: 0.049736542 | AQ61: 0.10297702 | AR61: -0.01363531 | AS61: 0.068743564 | AT61: -4.9260604e-05 | AW61: 新竹市 | AX61: 2.5416656 | AY61: 2.9364746 | AZ61: 3.058918 | BA61: 2.3075707 | BB61: 1.5532097 | BC61: 1.0080841 | BD61: 0.96631589 | BE61: 1.9664024 | BH61: 新竹市 | BI61: -0.085271931 | BJ61: -0.24732543 | BK61: 0.10417058 | BL61: 0.02325458 | BM61: 0.061556075 | BN61: -0.043724508 | BO61: 0.16410551 | BP61: -0.018787385 | BS61: 新竹市 | BT61: 2.6269376 | BU61: 3.1838 | BV61: 2.9547474 | BW61: 2.2843161 | BX61: 1.4916537 | BY61: 1.0518086 | BZ61: 0.80221038 | CA61: 1.9851898 | CD61: 新竹市 | CE61: 0.23334084 | CF61: -0.35089677 | CG61: 0.22645002 | CH61: 0.0014812103 | CI61: 0.210282 | CJ61: -0.070874566 | CK61: 0.19279026 | CL61: 0.035327631 | CO61: 新竹市 | CP61: 2.3935967 | CQ61: 3.5346968 | CR61: 2.7282974 | CS61: 2.2828349 | CT61: 1.2813717 | CU61: 1.1226832 | CV61: 0.60942011 | CW61: 1.9498622
E62: 新竹縣 | F62: 4.3249034 | G62: 5.0379124 | H62: 4.7677834 | I62: 2.2070112 | J62: 1.2653658 | K62: 0.56253793 | L62: 0.86681678 | M62: 2.1624113 | P62: 新竹縣 | Q62: -0.15493722 | R62: -0.067535119 | S62: -0.070553124 | T62: 0.27240392 | U62: 0.2409186 | V62: -0.024750327 | W62: -0.055024062 | X62: 0.0307518 | AA62: 新竹縣 | AB62: 4.4798406 | AC62: 5.1054475 | AD62: 4.8383366 | AE62: 1.9346073 | AF62: 1.0244472 | AG62: 0.58728826 | AH62: 0.92184085 | AI62: 2.1316595 | AL62: 新竹縣 | AM62: -0.10031205 | AN62: 0.016202628 | AO62: 0.10394276 | AP62: -0.0071620603 | AQ62: 0.33601336 | AR62: -0.0084169244 | AS62: -0.13937678 | AT62: 0.030295522 | AW62: 新竹縣 | AX62: 4.5801527 | AY62: 5.0892449 | AZ62: 4.7343938 | BA62: 1.9417694 | BB62: 0.68843385 | BC62: 0.59570518 | BD62: 1.0612176 | BE62: 2.1013639 | BH62: 新竹縣 | BI62: 0.024694029 | BJ62: -0.48761358 | BK62: 0.22336969 | BL62: 0.019061154 | BM62: 0.24779731 | BN62: -0.0050672548 | BO62: -0.15988531 | BP62: 0.021509553 | BS62: 新竹縣 | BT62: 4.5554586 | BU62: 5.5768585 | BV62: 4.5110241 | BW62: 1.9227082 | BX62: 0.44063654 | BY62: 0.60077244 | BZ62: 1.2211029 | CA62: 2.0798544 | CD62: 新竹縣 | CE62: -0.23805441 | CF62: 0.0013616509 | CG62: 0.28782955 | CH62: 0.096310747 | CI62: -0.011653092 | CJ62: 0.010232546 | CK62: -0.14320466 | CL62: 0.041815684 | CO62: 新竹縣 | CP62: 4.7935131 | CQ62: 5.5754968 | CR62: 4.2231946 | CS62: 1.8263975 | CT62: 0.45228963 | CU62: 0.59053989 | CV62: 1.3643076 | CW62: 2.0380387
E63: 宜蘭縣 | F63: 2.3066629 | G63: 2.5286515 | H63: 2.1864446 | I63: 1.8633026 | J63: 1.6798193 | K63: 2.1135505 | L63: 1.8929353 | M63: 1.9959043 | P63: 宜蘭縣 | Q63: -0.11961923 | R63: -0.11045527 | S63: 0.14303433 | T63: -0.056432134 | U63: 0.13174259 | V63: -0.045734183 | W63: -0.078332843 | X63: -0.00086192783 | AA63: 宜蘭縣 | AB63: 2.4262821 | AC63: 2.6391068 | AD63: 2.0434103 | AE63: 1.9197347 | AF63: 1.5480767 | AG63: 2.1592846 | AH63: 1.9712681 | AI63: 1.9967663 | AL63: 宜蘭縣 | AM63: 0.036183718 | AN63: -0.094006196 | AO63: 0.12153098 | AP63: -0.07633892 | AQ63: 0.08622484 | AR63: 0.0087227083 | AS63: -0.14131655 | AT63: 0.0020073331 | AW63: 宜蘭縣 | AX63: 2.3900984 | AY63: 2.733113 | AZ63: 1.9218793 | BA63: 1.9960736 | BB63: 1.4618518 | BC63: 2.1505619 | BD63: 2.1125847 | BE63: 1.9947589 | BH63: 宜蘭縣 | BI63: -0.078039937 | BJ63: 0.012909387 | BK63: 0.086182869 | BL63: 0.0081567772 | BM63: -0.064448677 | BN63: -0.015702407 | BO63: -0.18821159 | BP63: -0.0084518945 | BS63: 宜蘭縣 | BT63: 2.4681384 | BU63: 2.7202036 | BV63: 1.8356964 | BW63: 1.9879169 | BX63: 1.5263005 | BY63: 2.1662643 | BZ63: 2.3007963 | CA63: 2.0032108 | CD63: 宜蘭縣 | CE63: -0.005651709 | CF63: -0.063849509 | CG63: 0.13244627 | CH63: 0.011290253 | CI63: -0.24476257 | CJ63: 0.110005 | CK63: -0.16149608 | CL63: 5.7625629e-05 | CO63: 宜蘭縣 | CP63: 2.4737901 | CQ63: 2.7840531 | CR63: 1.7032501 | CS63: 1.9766266 | CT63: 1.7710631 | CU63: 2.0562593 | CV63: 2.4622924 | CW63: 2.0031532
E64: 苗栗縣 | F64: 2.1500907 | G64: 3.0461626 | H64: 2.0230342 | I64: 1.7090695 | J64: 1.7316386 | K64: 1.5859671 | L64: 1.2924659 | M64: 1.8078705 | P64: 苗栗縣 | Q64: -0.034027405 | R64: 0.057692472 | S64: 0.0037660008 | T64: 0.035621293 | U64: 0.025266117 | V64: 0.1230164 | W64: 0.021965428 | X64: 0.039457134 | AA64: 苗栗縣 | AB64: 2.1841181 | AC64: 2.9884701 | AD64: 2.0192682 | AE64: 1.6734482 | AF64: 1.7063725 | AG64: 1.4629507 | AH64: 1.2705005 | AI64: 1.7684134 | AL64: 苗栗縣 | AM64: -0.083662881 | AN64: -0.003585043 | AO64: 0.059955207 | AP64: -0.049535645 | AQ64: 0.1095459 | AR64: 0.024197054 | AS64: -0.1179479 | AT64: 0.0045711372 | AW64: 苗栗縣 | AX64: 2.267781 | AY64: 2.9920551 | AZ64: 1.959313 | BA64: 1.7229838 | BB64: 1.5968266 | BC64: 1.4387536 | BD64: 1.3884484 | BE64: 1.7638423 | BH64: 苗栗縣 | BI64: -0.26807738 | BJ64: 0.19433521 | BK64: 0.075331358 | BL64: 0.072146079 | BM64: 0.0099893405 | BN64: 0.13692773 | BO64: -0.11695598 | BP64: 0.048667368 | BS64: 苗栗縣 | BT64: 2.5358584 | BU64: 2.7977199 | BV64: 1.8839817 | BW64: 1.6508378 | BX64: 1.5868373 | BY64: 1.3018259 | BZ64: 1.5054044 | CA64: 1.7151749 | CD64: 苗栗縣 | CE64: -0.4703021 | CF64: 0.29231182 | CG64: -0.019614635 | CH64: -0.058777832 | CI64: -0.083697731 | CJ64: 0.022416051 | CK64: -0.25416302 | CL64: -0.062547909 | CO64: 苗栗縣 | CP64: 3.0061605 | CQ64: 2.5054081 | CR64: 1.9035963 | CS64: 1.7096156 | CT64: 1.670535 | CU64: 1.2794099 | CV64: 1.7595674 | CW64: 1.7777228
E65: 彰化縣 | F65: 3.6681601 | G65: 3.4063532 | H65: 2.6776981 | I65: 3.3180959 | J65: 4.060366 | K65: 3.8347264 | L65: 2.9803359 | M65: 3.5244704 | P65: 彰化縣 | Q65: 0.072256806 | R65: 0.19494734 | S65: 0.062365166 | T65: -0.14244963 | U65: 0.016112469 | V65: -0.03342372 | W65: 0.0088742643 | X65: 0.006099579 | AA65: 彰化縣 | AB65: 3.5959033 | AC65: 3.2114058 | AD65: 2.615333 | AE65: 3.4605455 | AF65: 4.0442535 | AG65: 3.8681501 | AH65: 2.9714616 | AI65: 3.5183708 | AL65: 彰化縣 | AM65: -0.0012101451 | AN65: 0.030488376 | AO65: 0.069333022 | AP65: -0.15986559 | AQ65: 0.16997754 | AR65: -0.051184235 | AS65: -0.057465379 | AT65: -0.0089132026 | AW65: 彰化縣 | AX65: 3.5971135 | AY65: 3.1809175 | AZ65: 2.546 | BA65: 3.6204111 | BB65: 3.874276 | BC65: 3.9193343 | BD65: 3.028927 | BE65: 3.527284 | BH65: 彰化縣 | BI65: 0.12260385 | BJ65: 0.075384531 | BK65: 0.083281645 | BL65: -0.079564724 | BM65: 0.065536619 | BN65: -0.080599406 | BO65: -0.13307443 | BP65: -0.01036199 | BS65: 彰化縣 | BT65: 3.4745096 | BU65: 3.1055329 | BV65: 2.4627183 | BW65: 3.6999758 | BX65: 3.8087394 | BY65: 3.9999338 | BZ65: 3.1620014 | CA65: 3.537646 | CD65: 彰化縣 | CE65: -0.02130965 | CF65: -0.050646089 | CG65: -0.066640712 | CH65: -0.17419451 | CI65: 0.013472115 | CJ65: -0.015373845 | CK65: -0.28329769 | CL65: -0.072328561 | CO65: 彰化縣 | CP65: 3.4958193 | CQ65: 3.156179 | CR65: 2.529359 | CS65: 3.8741703 | CT65: 3.7952673 | CU65: 4.0153076 | CV65: 3.4452991 | CW65: 3.6099746
... E76: 總計 | F76: 100 | G76: 100 | H76: 100 | I76: 100 | J76: 100 | K76: 100 | L76: 100 | M76: 100 | P76: 總計 | Q76: 0 | R76: 0 | S76: 0 | T76: 0 | U76: 0 | V76: 0 | W76: 0 | X76: 0 | AA76: 總計 | AB76: 100 | AC76: 100 | AD76: 100 | AE76: 100 | AF76: 100 | AG76: 100 | AH76: 100 | AI76: 100 | AL76: 總計 | AM76: 0 | AN76: 0 | AO76: 0 | AP76: 0 | AQ76: 0 | AR76: 0 | AS76: 0 | AT76: 0 | AW76: 總計 | AX76: 100 | AY76: 100 | AZ76: 100 | BA76: 100 | BB76: 100 | BC76: 100 | BD76: 100 | BE76: 100 | BH76: 總計 | BI76: 0 | BJ76: 0 | BK76: 0 | BL76: 0 | BM76: 0 | BN76: 0 | BO76: 0 | BP76: 0 | BS76: 總計 | BT76: 100 | BU76: 100 | BV76: 100 | BW76: 100 | BX76: 100 | BY76: 100 | BZ76: 100 | CA76: 100 | CD76: 總計 | CE76: 0 | CF76: 0 | CG76: 0 | CH76: 0 | CI76: 0 | CJ76: 0 | CK76: 0 | CL76: 0 | CO76: 總計 | CP76: 100 | CQ76: 100 | CR76: 100 | CS76: 100 | CT76: 100 | CU76: 100 | CV76: 100 | CW76: 100
F78: 0~4年 | G78: 5~9年 | H78: 10~19年 | I78: 20~29年 | J78: 30~39年 | K78: 40~49年 | L78: 50年以上 | M78: 總計 | Q78: 0~4年 | R78: 5~9年 | S78: 10~19年 | T78: 20~29年 | U78: 30~39年 | V78: 40~49年 | W78: 50年以上 | X78: 總計 | AB78: 0~4年 | AC78: 5~9年 | AD78: 10~19年 | AE78: 20~29年 | AF78: 30~39年 | AG78: 40~49年 | AH78: 50年以上 | AI78: 總計 | AM78: 0~4年 | AN78: 5~9年 | AO78: 10~19年 | AP78: 20~29年 | AQ78: 30~39年 | AR78: 40~49年 | AS78: 50年以上 | AT78: 總計 | AX78: 0~4年 | AY78: 5~9年 | AZ78: 10~19年 | BA78: 20~29年 | BB78: 30~39年 | BC78: 40~49年 | BD78: 50年以上 | BE78: 總計 | BI78: 0~4年 | BJ78: 5~9年 | BK78: 10~19年 | BL78: 20~29年 | BM78: 30~39年 | BN78: 40~49年 | BO78: 50年以上 | BP78: 總計 | BT78: 0~4年 | BU78: 5~9年 | BV78: 10~19年 | BW78: 20~29年 | BX78: 30~39年 | BY78: 40~49年 | BZ78: 50年以上 | CA78: 總計 | CE78: 0~4年 | CF78: 5~9年 | CG78: 10~19年 | CH78: 20~29年 | CI78: 30~39年 | CJ78: 40~49年 | CK78: 50年以上 | CL78: 總計 | CP78: 0~4年 | CQ78: 5~9年 | CR78: 10~19年 | CS78: 20~29年 | CT78: 30~39年 | CU78: 40~49年 | CV78: 50年以上 | CW78: 總計
E79: 臺北市 | F79: 0.30108102 | G79: 0.39135312 | H79: 1.3362201 | I79: 1.5291561 | J79: 2.226833 | K79: 4.6743021 | L79: 1.8040123 | M79: 12.262958 | P79: 臺北市 | Q79: 0.0040500102 | R79: -0.015685514 | S79: -0.066484174 | T79: -0.099576618 | U79: -0.40031759 | V79: 0.24916916 | W79: 0.29081472 | X79: -0.038030014 | AA79: 臺北市 | AB79: 0.29703101 | AC79: 0.40703864 | AD79: 1.4027042 | AE79: 1.6287327 | AF79: 2.6271506 | AG79: 4.4251329 | AH79: 1.5131976 | AI79: 12.300988 | AL79: 臺北市 | AM79: 0.0038760654 | AN79: -0.011888776 | AO79: -0.046848221 | AP79: -0.069961366 | AQ79: -0.47008488 | AR79: 0.39246179 | AS79: 0.3365723 | AT79: 0.13412691 | AW79: 臺北市 | AX79: 0.29315494 | AY79: 0.41892741 | AZ79: 1.4495525 | BA79: 1.6986941 | BB79: 3.0972355 | BC79: 4.0326712 | BD79: 1.1766253 | BE79: 12.166861 | BH79: 臺北市 | BI79: -0.014574195 | BJ79: -0.03669938 | BK79: -0.039637613 | BL79: -0.061593548 | BM79: -0.37346321 | BN79: 0.50399959 | BO79: 0.33460472 | BP79: 0.31263637 | BS79: 臺北市 | BT79: 0.30772914 | BU79: 0.45562679 | BV79: 1.4891901 | BW79: 1.7602877 | BX79: 3.4706987 | BY79: 3.5286716 | BZ79: 0.84202055 | CA79: 11.854224 | CD79: 臺北市 | CE79: -0.014542906 | CF79: 0.014431439 | CG79: 0.083329242 | CH79: 0.0099230845 | CI79: -0.29309721 | CJ79: 0.62847324 | CK79: 0.21453159 | CL79: 0.64304848 | CO79: 臺北市 | CP79: 0.32227204 | CQ79: 0.44119535 | CR79: 1.4058608 | CS79: 1.7503646 | CT79: 3.7637959 | CU79: 2.9001983 | CV79: 0.62748895 | CW79: 11.211176
E80: 新北市 | F80: 0.97209043 | G80: 1.2665443 | H80: 2.8318433 | I80: 4.8746596 | J80: 4.0938031 | K80: 4.7604436 | L80: 1.1342852 | M80: 19.93367 | P80: 新北市 | Q80: -0.040435384 | R80: 0.063352478 | S80: -0.024596777 | T80: -0.82957074 | U80: 0.46338942 | V80: 0.0051489904 | W80: 0.23980392 | X80: -0.12290809 | AA80: 新北市 | AB80: 1.0125258 | AC80: 1.2031918 | AD80: 2.8564401 | AE80: 5.7042304 | AF80: 3.6304137 | AG80: 4.7552946 | AH80: 0.89448125 | AI80: 20.056578 | AL80: 新北市 | AM80: -0.06611803 | AN80: 0.044261418 | AO80: 0.0077572482 | AP80: -0.4808394 | AQ80: 0.075256161 | AR80: 0.085078597 | AS80: 0.20173129 | AT80: -0.13287272 | AW80: 新北市 | AX80: 1.0786438 | AY80: 1.1589304 | AZ80: 2.8486829 | BA80: 6.1850698 | BB80: 3.5551575 | BC80: 4.670216 | BD80: 0.69274996 | BE80: 20.18945 | BH80: 新北市 | BI80: -0.095442668 | BJ80: 0.05763784 | BK80: -0.0077244518 | BL80: -0.33889622 | BM80: -0.0035170316 | BN80: 0.10272401 | BO80: 0.12221196 | BP80: -0.16300655 | BS80: 新北市 | BT80: 1.1740865 | BU80: 1.1012926 | BV80: 2.8564073 | BW80: 6.523966 | BX80: 3.5586746 | BY80: 4.567492 | BZ80: 0.570538 | CA80: 20.352457 | CD80: 新北市 | CE80: -0.059109834 | CF80: 0.057303199 | CG80: -0.07049906 | CH80: -0.026393977 | CI80: -0.59072494 | CJ80: 0.57360183 | CK80: 0.084416619 | CL80: -0.03140616 | CO80: 新北市 | CP80: 1.2331963 | CQ80: 1.0439894 | CR80: 2.9269064 | CS80: 6.55036 | CT80: 4.1493995 | CU80: 3.9938902 | CV80: 0.48612138 | CW80: 20.383863
E81: 桃園市 | F81: 0.93518724 | G81: 0.89401726 | H81: 1.8415056 | I81: 2.660627 | J81: 2.0224016 | K81: 1.9637445 | L81: 0.44612917 | M81: 10.763612 | P81: 桃園市 | Q81: 0.059115754 | R81: -0.042302283 | S81: -0.053035597 | T81: -0.36033304 | U81: 0.41225203 | V81: -0.052310349 | W81: 0.094354536 | X81: 0.057741058 | AA81: 桃園市 | AB81: 0.87607148 | AC81: 0.93631954 | AD81: 1.8945412 | AE81: 3.0209601 | AF81: 1.6101495 | AG81: 2.0160549 | AH81: 0.35177463 | AI81: 10.705871 | AL81: 桃園市 | AM81: 0.058715355 | AN81: -0.046699056 | AO81: -0.082275523 | AP81: -0.29190047 | AQ81: 0.31716469 | AR81: -0.039917391 | AS81: 0.10214997 | AT81: 0.017237575 | AW81: 桃園市 | AX81: 0.81735613 | AY81: 0.9830186 | AZ81: 1.9768167 | BA81: 3.3128606 | BB81: 1.2929848 | BC81: 2.0559723 | BD81: 0.24962466 | BE81: 10.688634 | BH81: 桃園市 | BI81: 0.087503937 | BJ81: -0.041858983 | BK81: -0.062857282 | BL81: -0.17057795 | BM81: 0.050988582 | BN81: 0.09015091 | BO81: 0.05460523 | BP81: 0.0079544413 | BS81: 桃園市 | BT81: 0.72985219 | BU81: 1.0248776 | BV81: 2.039674 | BW81: 3.4834385 | BX81: 1.2419962 | BY81: 1.9658214 | BZ81: 0.19501943 | CA81: 10.680679 | CD81: 桃園市 | CE81: -0.021786645 | CF81: 0.0063958887 | CG81: -0.015069774 | CH81: 0.01236828 | CI81: -0.44942558 | CJ81: 0.4432879 | CK81: 0.041435684 | CL81: 0.017205751 | CO81: 桃園市 | CP81: 0.75163884 | CQ81: 1.0184817 | CR81: 2.0547437 | CS81: 3.4710702 | CT81: 1.6914218 | CU81: 1.5225335 | CV81: 0.15358375 | CW81: 10.663474
E82: 臺中市 | F82: 1.0624874 | G82: 0.87381809 | H82: 1.7481582 | I82: 2.7172528 | J82: 3.5685 | K82: 2.3113858 | L82: 0.66825188 | M82: 12.949854 | P82: 臺中市 | Q82: 0.092181442 | R82: -0.040356528 | S82: 0.00036325531 | T82: -0.75327805 | U82: 0.6145182 | V82: 0.050534123 | W82: 0.10000055 | X82: 0.063962993 | AA82: 臺中市 | AB82: 0.97030592 | AC82: 0.91417462 | AD82: 1.7477949 | AE82: 3.4705308 | AF82: 2.9539818 | AG82: 2.2608516 | AH82: 0.56825133 | AI82: 12.885891 | AL82: 臺中市 | AM82: 0.078482967 | AN82: -0.0040610204 | AO82: -0.002511134 | AP82: -0.61619091 | AQ82: 0.42610359 | AR82: 0.0051584273 | AS82: 0.12309972 | AT82: 0.010081645 | AW82: 臺中市 | AX82: 0.89182295 | AY82: 0.91823564 | AZ82: 1.7503061 | BA82: 4.0867217 | BB82: 2.5278782 | BC82: 2.2556932 | BD82: 0.44515161 | BE82: 12.875809 | BH82: 臺中市 | BI82: 0.074055022 | BJ82: 0.0057309274 | BK82: 0.013501096 | BL82: -0.44739884 | BM82: 0.18443302 | BN82: 0.095790759 | BO82: 0.076285667 | BP82: 0.0023976575 | BS82: 臺中市 | BT82: 0.81776793 | BU82: 0.91250471 | BV82: 1.736805 | BW82: 4.5341206 | BX82: 2.3434452 | BY82: 2.1599025 | BZ82: 0.36886594 | CA82: 12.873412 | CD82: 臺中市 | CE82: 0.0099496749 | CF82: 0.029563839 | CG82: -0.06371221 | CH82: -0.30701221 | CI82: -0.09460145 | CJ82: 0.25700445 | CK82: 0.065499592 | CL82: -0.10330831 | CO82: 臺中市 | CP82: 0.80781825 | CQ82: 0.88294088 | CR82: 1.8005172 | CS82: 4.8411328 | CT82: 2.4380467 | CU82: 1.902898 | CV82: 0.30336635 | CW82: 12.97672
E83: 臺南市 | F83: 0.61247723 | G83: 0.51044876 | H83: 0.84332643 | I83: 1.4811207 | J83: 2.0806046 | K83: 1.7270398 | L83: 0.45717062 | M83: 7.7121882 | P83: 臺南市 | Q83: 0.076570196 | R83: 0.0030352376 | S83: -0.051663633 | T83: -0.32048118 | U83: 0.21581748 | V83: 0.059718279 | W83: 0.057417259 | X83: 0.040413636 | AA83: 臺南市 | AB83: 0.53590703 | AC83: 0.50741352 | AD83: 0.89499007 | AE83: 1.8016019 | AF83: 1.8647872 | AG83: 1.6673216 | AH83: 0.39975336 | AI83: 7.6717746 | AL83: 臺南市 | AM83: 0.019705049 | AN83: 0.023950548 | AO83: -0.015729385 | AP83: -0.33360847 | AQ83: 0.17402158 | AR83: 0.081370294 | AS83: 0.055481266 | AT83: 0.0051908776 | AW83: 臺南市 | AX83: 0.51620198 | AY83: 0.48346297 | AZ83: 0.91071945 | BA83: 2.1352104 | BB83: 1.6907656 | BC83: 1.5859513 | BD83: 0.3442721 | BE83: 7.6665837 | BH83: 臺南市 | BI83: 0.010806798 | BJ83: 0.025983546 | BK83: -0.012191271 | BL83: -0.24436115 | BM83: 0.026092913 | BN83: 0.13934764 | BO83: 0.031370031 | BP83: -0.022951495 | BS83: 臺南市 | BT83: 0.50539518 | BU83: 0.45747942 | BV83: 0.92291072 | BW83: 2.3795715 | BX83: 1.6646727 | BY83: 1.4466036 | BZ83: 0.31290207 | CA83: 7.6895352 | CD83: 臺南市 | CE83: 0.017523274 | CF83: 0.00019172331 | CG83: -0.012633493 | CH83: -0.17838626 | CI83: -0.2394632 | CJ83: 0.31133678 | CK83: 0.025615558 | CL83: -0.075815617 | CO83: 臺南市 | CP83: 0.48787191 | CQ83: 0.4572877 | CR83: 0.93554422 | CS83: 2.5579578 | CT83: 1.9041359 | CU83: 1.1352669 | CV83: 0.28728651 | CW83: 7.7653508
E84: 高雄市 | F84: 0.80487994 | G84: 0.59805412 | H84: 1.50713 | I84: 2.3676824 | J84: 2.9078171 | K84: 2.9309327 | L84: 1.1544163 | M84: 12.270913 | P84: 高雄市 | Q84: 0.088032152 | R84: -0.072283557 | S84: -0.091744727 | T84: -0.4562746 | U84: 0.30097283 | V84: 0.033833839 | W84: 0.16189603 | X84: -0.03556804 | AA84: 高雄市 | AB84: 0.71684778 | AC84: 0.67033767 | AD84: 1.5988747 | AE84: 2.823957 | AF84: 2.6068443 | AG84: 2.8970989 | AH84: 0.99252022 | AI84: 12.306481 | AL84: 高雄市 | AM84: 0.042605553 | AN84: 0.025135264 | AO84: -0.052908036 | AP84: -0.33873289 | AQ84: 0.12422816 | AR84: 0.022474557 | AS84: 0.14713742 | AT84: -0.030059969 | AW84: 高雄市 | AX84: 0.67424223 | AY84: 0.64520241 | AZ84: 1.6517827 | BA84: 3.1626899 | BB84: 2.4826162 | BC84: 2.8746243 | BD84: 0.8453828 | BE84: 12.336541 | BH84: 高雄市 | BI84: 0.067650115 | BJ84: -0.056740026 | BK84: 0.0039761994 | BL84: -0.27802982 | BM84: -0.015042486 | BN84: 0.097940264 | BO84: 0.10401783 | BP84: -0.076227919 | BS84: 高雄市 | BT84: 0.60659212 | BU84: 0.70194243 | BV84: 1.6478065 | BW84: 3.4407197 | BX84: 2.4976586 | BY84: 2.776684 | BZ84: 0.74136497 | CA84: 12.412768 | CD84: 高雄市 | CE84: 0.017102106 | CF84: 0.0099090464 | CG84: -0.060282821 | CH84: -0.20389025 | CI84: -0.31713896 | CJ84: 0.20563484 | CK84: 0.14300979 | CL84: -0.20565625 | CO84: 高雄市 | CP84: 0.58949001 | CQ84: 0.69203339 | CR84: 1.7080893 | CS84: 3.64461 | CT84: 2.8147976 | CU84: 2.5710492 | CV84: 0.59835518 | CW84: 12.618425
E85: 基隆市 | F85: 0.0581804 | G85: 0.081659091 | H85: 0.12329433 | I85: 0.63318704 | J85: 0.37030287 | K85: 0.51779081 | L85: 0.1929928 | M85: 1.9774073 | P85: 基隆市 | Q85: 0.0084208259 | R85: 0.0042617332 | S85: -0.0081296874 | T85: -0.087465272 | U85: 0.054873657 | V85: -0.0099405251 | W85: 0.020100536 | X85: -0.017878732 | AA85: 基隆市 | AB85: 0.049759574 | AC85: 0.077397358 | AD85: 0.13142402 | AE85: 0.72065232 | AF85: 0.31542921 | AG85: 0.52773134 | AH85: 0.17289226 | AI85: 1.9952861 | AL85: 基隆市 | AM85: 0.012696986 | AN85: -0.013798286 | AO85: 0.010422799 | AP85: -0.070727015 | AQ85: 0.00098625629 | AR85: 0.017655401 | AS85: 0.023546287 | AT85: -0.019217572 | AW85: 基隆市 | AX85: 0.037062588 | AY85: 0.091195644 | AZ85: 0.12100122 | BA85: 0.79137933 | BB85: 0.31444296 | BC85: 0.51007593 | BD85: 0.14934597 | BE85: 2.0145037 | BH85: 基隆市 | BI85: -0.016663695 | BJ85: 0.018377643 | BK85: 0.0024449027 | BL85: -0.046490841 | BM85: -0.037099687 | BN85: 0.034683739 | BO85: 0.016762595 | BP85: -0.027985344 | BS85: 基隆市 | BT85: 0.053726283 | BU85: 0.072818001 | BV85: 0.11855632 | BW85: 0.83787017 | BX85: 0.35154265 | BY85: 0.4753922 | BZ85: 0.13258338 | CA85: 2.042489 | CD85: 基隆市 | CE85: -0.026510378 | CF85: 0.019764526 | CG85: 0.00054578374 | CH85: -0.026140002 | CI85: -0.062519539 | CJ85: 0.073346129 | CK85: 0.01130936 | CL85: -0.01020412 | CO85: 基隆市 | CP85: 0.080236661 | CQ85: 0.053053476 | CR85: 0.11801054 | CS85: 0.86401018 | CT85: 0.41406218 | CU85: 0.40204607 | CV85: 0.12127402 | CW85: 2.0526931
E86: 新竹市 | F86: 0.15847265 | G86: 0.14858868 | H86: 0.44619726 | I86: 0.51813125 | J86: 0.38396568 | K86: 0.23534295 | L86: 0.075883038 | M86: 1.9665815 | P86: 新竹市 | Q86: 0.0020358592 | R86: -0.012242406 | S86: 0.0042933822 | T86: -0.064725326 | U86: 0.052335401 | V86: 0.0051283108 | W86: 0.013403145 | X86: 0.00022836708 | AA86: 新竹市 | AB86: 0.15643679 | AC86: 0.16083109 | AD86: 0.44190388 | AE86: 0.58285657 | AF86: 0.33163028 | AG86: 0.23021464 | AH86: 0.062479893 | AI86: 1.9663531 | AL86: 新竹市 | AM86: 0.010047816 | AN86: -0.025271174 | AO86: 0.015436711 | AP86: -0.058422811 | AQ86: 0.038805197 | AR86: 0.0042577305 | AS86: 0.015097271 | AT86: -4.9260604e-05 | AW86: 新竹市 | AX86: 0.14638898 | AY86: 0.18610226 | AZ86: 0.42646716 | BA86: 0.64127938 | BB86: 0.29282508 | BC86: 0.22595691 | BD86: 0.047382623 | BE86: 1.9664024 | BH86: 新竹市 | BI86: -0.0010755953 | BJ86: -0.017963783 | BK86: 0.012007264 | BL86: -0.041005921 | BM86: 0.010034271 | BN86: 0.0043871207 | BO86: 0.014829259 | BP86: -0.018787385 | BS86: 新竹市 | BT86: 0.14746457 | BU86: 0.20406604 | BV86: 0.4144599 | BW86: 0.6822853 | BX86: 0.28279081 | BY86: 0.22156979 | BZ86: 0.032553364 | CA86: 1.9851898 | CD86: 新竹市 | CE86: 0.010123216 | CF86: -0.017200586 | CG86: 0.02674315 | CH86: -0.022626963 | CI86: 0.005632348 | CJ86: 0.020846849 | CK86: 0.011809617 | CL86: 0.035327631 | CO86: 新竹市 | CP86: 0.13734136 | CQ86: 0.22126663 | CR86: 0.38771675 | CS86: 0.70491227 | CT86: 0.27715846 | CU86: 0.20072294 | CV86: 0.020743746 | CW86: 1.9498622
E87: 新竹縣 | F87: 0.27395967 | G87: 0.31251965 | H87: 0.63503674 | I87: 0.46262894 | J87: 0.28319681 | K87: 0.13295135 | L87: 0.062118102 | M87: 2.1624113 | P87: 新竹縣 | Q87: 0.0061275747 | R87: -0.011096829 | S87: -0.030097164 | T87: -0.01571287 | U87: 0.078064328 | V87: -0.0030057305 | W87: 0.0064724896 | X87: 0.0307518 | AA87: 新竹縣 | AB87: 0.26783209 | AC87: 0.32361647 | AD87: 0.66513391 | AE87: 0.47834181 | AF87: 0.20513249 | AG87: 0.13595708 | AH87: 0.055645613 | AI87: 2.1316595 | AL87: 新竹縣 | AM87: 0.0040350571 | AN87: 0.0010800646 | AO87: 0.0050758319 | AP87: -0.061280527 | AQ87: 0.075342742 | AR87: 0.0024328027 | AS87: 0.0036095502 | AT87: 0.030295522 | AW87: 新竹縣 | AX87: 0.26379704 | AY87: 0.32253641 | AZ87: 0.66005807 | BA87: 0.53962233 | BB87: 0.12978974 | BC87: 0.13352428 | BD87: 0.052036063 | BE87: 2.1013639 | BH87: 新竹縣 | BI87: 0.008073883 | BJ87: -0.034912999 | BK87: 0.027300561 | BL87: -0.03465702 | BM87: 0.046252953 | BN87: 0.0069679627 | BO87: 0.0024842127 | BP87: 0.021509553 | BS87: 新竹縣 | BT87: 0.25572315 | BU87: 0.35744941 | BV87: 0.63275751 | BW87: 0.57427935 | BX87: 0.083536792 | BY87: 0.12655631 | BZ87: 0.04955185 | CA87: 2.0798544 | CD87: 新竹縣 | CE87: -0.019322169 | CF87: 0.0084318111 | CG87: 0.032601792 | CH87: 0.010309528 | CI87: -0.014292667 | CJ87: 0.020974522 | CK87: 0.003112866 | CL87: 0.041815684 | CO87: 新竹縣 | CP87: 0.27504532 | CQ87: 0.3490176 | CR87: 0.60015572 | CS87: 0.56396983 | CT87: 0.097829459 | CU87: 0.10558179 | CV87: 0.046438984 | CW87: 2.0380387
E88: 宜蘭縣 | F88: 0.14611485 | G88: 0.15686126 | H88: 0.29121974 | I88: 0.39058147 | J88: 0.3759541 | K88: 0.49952078 | L88: 0.13565214 | M88: 1.9959043 | P88: 宜蘭縣 | Q88: 0.0010569596 | R88: -0.010422498 | S88: 0.010308846 | T88: -0.084083008 | U88: 0.065971493 | V88: -0.00035305705 | W88: 0.016659336 | X88: -0.00086192783 | AA88: 宜蘭縣 | AB88: 0.14505789 | AC88: 0.16728376 | AD88: 0.2809109 | AE88: 0.47466448 | AF88: 0.30998261 | AG88: 0.49987384 | AH88: 0.1189928 | AI88: 1.9967663 | AL88: 宜蘭縣 | AM88: 0.0073985305 | AN88: -0.0059302416 | AO88: 0.012966995 | AP88: -0.080049138 | AQ88: 0.034381145 | AR88: 0.017836352 | AS88: 0.015403691 | AT88: 0.0020073331 | AW88: 宜蘭縣 | AX88: 0.13765936 | AY88: 0.173214 | AZ88: 0.2679439 | BA88: 0.55471362 | BB88: 0.27560146 | BC88: 0.48203749 | BD88: 0.10358911 | BE88: 1.9947589 | BH88: 宜蘭縣 | BI88: -0.0008909329 | BJ88: -0.0011377769 | BK88: 0.010452326 | BL88: -0.039042417 | BM88: -0.013757764 | BN88: 0.025700918 | BO88: 0.010223753 | BP88: -0.0084518945 | BS88: 宜蘭縣 | BT88: 0.13855029 | BU88: 0.17435177 | BV88: 0.25749157 | BW88: 0.59375603 | BX88: 0.28935922 | BY88: 0.45633657 | BZ88: 0.093365357 | CA88: 2.0032108 | CD88: 宜蘭縣 | CE88: -0.0033924499 | CF88: 7.429552e-05 | CG88: 0.015443688 | CH88: -0.01660276 | CI88: -0.09371863 | CJ88: 0.088700863 | CK88: 0.0095526193 | CL88: 5.7625629e-05 | CO88: 宜蘭縣 | CP88: 0.14194274 | CQ88: 0.17427748 | CR88: 0.24204789 | CS88: 0.61035879 | CT88: 0.38307785 | CU88: 0.3676357 | CV88: 0.083812738 | CW88: 2.0031532
E89: 苗栗縣 | F89: 0.13619683 | G89: 0.18896431 | H89: 0.26945457 | I89: 0.35825146 | J89: 0.3875516 | K89: 0.37483066 | L89: 0.092621109 | M89: 1.8078705 | P89: 苗栗縣 | Q89: 0.0056169788 | R89: -0.00046436327 | S89: -0.0081374734 | T89: -0.055517383 | U89: 0.045872269 | V89: 0.036157955 | W89: 0.015929151 | X89: 0.039457134 | AA89: 苗栗縣 | AB89: 0.13057985 | AC89: 0.18942867 | AD89: 0.27759205 | AE89: 0.41376884 | AF89: 0.34167933 | AG89: 0.33867271 | AH89: 0.076691959 | AI89: 1.7684134 | AL89: 苗栗縣 | AM89: -3.4550306e-05 | AN89: -0.00019606219 | AO89: 0.0044292264 | AP89: -0.065052468 | AQ89: 0.040631208 | AR89: 0.01618342 | AS89: 0.0086103633 | AT89: 0.0045711372 | AW89: 苗栗縣 | AX89: 0.1306144 | AY89: 0.18962474 | AZ89: 0.27316282 | BA89: 0.47882131 | BB89: 0.30104812 | BC89: 0.32248929 | BD89: 0.068081595 | BE89: 1.7638423 | BH89: 苗栗縣 | BI89: -0.011737389 | BJ89: 0.010304544 | BK89: 0.0088983192 | BL89: -0.014255084 | BM89: 0.00021221036 | BN89: 0.048251857 | BO89: 0.0069929101 | BP89: 0.048667368 | BS89: 苗栗縣 | BT89: 0.14235179 | BU89: 0.17932019 | BV89: 0.2642645 | BW89: 0.4930764 | BX89: 0.30083591 | BY89: 0.27423743 | BZ89: 0.061088685 | CA89: 1.7151749 | CD89: 苗栗縣 | CE89: -0.030137647 | CF89: 0.022485466 | CG89: -0.0062544573 | CH89: -0.034832571 | CI89: -0.060497897 | CJ89: 0.045493549 | CK89: 0.0011956498 | CL89: -0.062547909 | CO89: 苗栗縣 | CP89: 0.17248944 | CQ89: 0.15683473 | CR89: 0.27051896 | CS89: 0.52790897 | CT89: 0.36133381 | CU89: 0.22874388 | CV89: 0.059893035 | CW89: 1.7777228
E90: 彰化縣 | F90: 0.23235847 | G90: 0.21130822 | H90: 0.35665141 | I90: 0.6955321 | J90: 0.90873541 | K90: 0.90630697 | L90: 0.21357779 | M90: 3.5244704 | P90: 彰化縣 | Q90: 0.017373518 | R90: 0.0077484253 | S90: -0.0028826149 | T90: -0.16010592 | U90: 0.098925225 | V90: 0.010831221 | W90: 0.034209728 | X90: 0.006099579 | AA90: 彰化縣 | AB90: 0.21498495 | AC90: 0.20355979 | AD90: 0.35953403 | AE90: 0.85563803 | AF90: 0.80981019 | AG90: 0.89547575 | AH90: 0.17936806 | AI90: 3.5183708 | AL90: 彰化縣 | AM90: 0.0078067319 | AN90: 0.0019657009 | AO90: 0.0045766901 | AP90: -0.15048284 | AQ90: 0.079396811 | AR90: 0.016976955 | AS90: 0.030846746 | AT90: -0.0089132026 | AW90: 彰化縣 | AX90: 0.20717822 | AY90: 0.20159409 | AZ90: 0.35495734 | BA90: 1.0061209 | BB90: 0.73041338 | BC90: 0.8784988 | BD90: 0.14852131 | BE90: 3.527284 | BH90: 彰化縣 | BI90: 0.012134728 | BJ90: 0.0025445875 | BK90: 0.0095139379 | BL90: -0.098997268 | BM90: 0.0083446377 | BN90: 0.035888778 | BO90: 0.020208609 | BP90: -0.01036199 | BS90: 彰化縣 | BT90: 0.19504349 | BU90: 0.1990495 | BV90: 0.3454434 | BW90: 1.1051181 | BX90: 0.72206874 | BY90: 0.84261002 | BZ90: 0.1283127 | CA90: 3.537646 | CD90: 彰化縣 | CE90: -0.0055419096 | CF90: 0.0014775105 | CG90: -0.014002337 | CH90: -0.091179603 | CI90: -0.098840958 | CJ90: 0.12471884 | CK90: 0.011039891 | CL90: -0.072328561 | CO90: 彰化縣 | CP90: 0.2005854 | CQ90: 0.19757199 | CR90: 0.35944574 | CS90: 1.1962977 | CT90: 0.8209097 | CU90: 0.71789117 | CV90: 0.11727281 | CW90: 3.6099746
